record_type,identity,item_id,randomizable,stock_before,stock_after,empty_after,detail,ground_category,ground_weight
summary,schema,,,,,,1,,
summary,rules,,,,,,3,,
summary,ground_pool_size,,,,,,580,,
summary,ground_pool_fingerprint,,,,,,c72beb36e34d335c,,
summary,tm_pool_size,,,,,,124,,
summary,tm_pool_fingerprint,,,,,,8829a993975e9d5c,,
summary,result_ban_fingerprint,,,,,,3e3887b405354718,,
summary,ground_total_weight,,,,,,5253,,
category_summary,battle_consumable,,,,,,items=50; total_tickets=300; expected_slots=8.34,battle_consumable,6
category_summary,evolution,,,,,,items=21; total_tickets=336; expected_slots=9.34,evolution,16
category_summary,general_utility,,,,,,items=122; total_tickets=1952; expected_slots=54.25,general_utility,16
category_summary,held_combat,,,,,,items=181; total_tickets=181; expected_slots=5.03,held_combat,1
category_summary,hp_recovery,,,,,,items=15; total_tickets=480; expected_slots=13.34,hp_recovery,32
category_summary,poke_ball,,,,,,items=41; total_tickets=492; expected_slots=13.67,poke_ball,12
category_summary,status_pp_recovery,,,,,,items=26; total_tickets=520; expected_slots=14.45,status_pp_recovery,20
category_summary,tm,,,,,,items=124; total_tickets=992; expected_slots=27.57,tm,8
ground_pool,,ABILITYBALL,,,,,,poke_ball,12
ground_pool,,ABILITYCAPSULE,,,,,,general_utility,16
ground_pool,,ABILITYURGE,,,,,,general_utility,16
ground_pool,,ABSORBBULB,,,,,,held_combat,1
ground_pool,,ADAMANTORB,,,,,,held_combat,1
ground_pool,,ADRENALINEORB,,,,,,held_combat,1
ground_pool,,AGUAVBERRY,,,,,,held_combat,1
ground_pool,,AIRBALLOON,,,,,,held_combat,1
ground_pool,,AMULETCOIN,,,,,,general_utility,16
ground_pool,,ANTIDOTE,,,,,,status_pp_recovery,20
ground_pool,,APICOTBERRY,,,,,,held_combat,1
ground_pool,,ARMORFOSSIL,,,,,,general_utility,16
ground_pool,,ASPEARBERRY,,,,,,status_pp_recovery,20
ground_pool,,ASSAULTVEST,,,,,,held_combat,1
ground_pool,,AWAKENING,,,,,,status_pp_recovery,20
ground_pool,,BABIRIBERRY,,,,,,held_combat,1
ground_pool,,BALMMUSHROOM,,,,,,general_utility,16
ground_pool,,BANANA,,,,,,battle_consumable,6
ground_pool,,BEER,,,,,,battle_consumable,6
ground_pool,,BELLSPROUTSTATUE,,,,,,general_utility,16
ground_pool,,BELUEBERRY,,,,,,general_utility,16
ground_pool,,BERRYJUICE,,,,,,hp_recovery,32
ground_pool,,BIGMUSHROOM,,,,,,general_utility,16
ground_pool,,BIGNUGGET,,,,,,general_utility,16
ground_pool,,BIGPEARL,,,,,,general_utility,16
ground_pool,,BIGROOT,,,,,,held_combat,1
ground_pool,,BINDINGBAND,,,,,,held_combat,1
ground_pool,,BLACKBELT,,,,,,held_combat,1
ground_pool,,BLACKFLUTE,,,,,,general_utility,16
ground_pool,,BLACKGLASSES,,,,,,held_combat,1
ground_pool,,BLACKSLUDGE,,,,,,held_combat,1
ground_pool,,BLUEFLUTE,,,,,,status_pp_recovery,20
ground_pool,,BLUENECTAR,,,,,,battle_consumable,6
ground_pool,,BLUESCARF,,,,,,general_utility,16
ground_pool,,BLUESHARD,,,,,,general_utility,16
ground_pool,,BLUKBERRY,,,,,,general_utility,16
ground_pool,,BRIGHTPOWDER,,,,,,held_combat,1
ground_pool,,BUGGEM,,,,,,held_combat,1
ground_pool,,BURNDRIVE,,,,,,held_combat,1
ground_pool,,BURNHEAL,,,,,,status_pp_recovery,20
ground_pool,,CALCIUM,,,,,,general_utility,16
ground_pool,,CANDYBALL,,,,,,poke_ball,12
ground_pool,,CARBOS,,,,,,general_utility,16
ground_pool,,CASTELIACONE,,,,,,status_pp_recovery,20
ground_pool,,CELLBATTERY,,,,,,held_combat,1
ground_pool,,CHARCOAL,,,,,,held_combat,1
ground_pool,,CHARTIBERRY,,,,,,held_combat,1
ground_pool,,CHERIBERRY,,,,,,status_pp_recovery,20
ground_pool,,CHERISHBALL,,,,,,poke_ball,12
ground_pool,,CHESTOBERRY,,,,,,status_pp_recovery,20
ground_pool,,CHILANBERRY,,,,,,held_combat,1
ground_pool,,CHILLDRIVE,,,,,,held_combat,1
ground_pool,,CHOICEBAND,,,,,,held_combat,1
ground_pool,,CHOICESCARF,,,,,,held_combat,1
ground_pool,,CHOICESPECS,,,,,,held_combat,1
ground_pool,,CHOPLEBERRY,,,,,,held_combat,1
ground_pool,,CLAWFOSSIL,,,,,,general_utility,16
ground_pool,,CLEANSETAG,,,,,,general_utility,16
ground_pool,,CLEVERWING,,,,,,general_utility,16
ground_pool,,COBABERRY,,,,,,held_combat,1
ground_pool,,COFFEE,,,,,,battle_consumable,6
ground_pool,,COLBURBERRY,,,,,,held_combat,1
ground_pool,,COMETSHARD,,,,,,general_utility,16
ground_pool,,CORNNBERRY,,,,,,general_utility,16
ground_pool,,CUSTAPBERRY,,,,,,held_combat,1
ground_pool,,DAMPMULCH,,,,,,general_utility,16
ground_pool,,DAMPROCK,,,,,,held_combat,1
ground_pool,,DARKGEM,,,,,,held_combat,1
ground_pool,,DAWNSTONE,,,,,,evolution,16
ground_pool,,DEEPSEASCALE,,,,,,held_combat,1
ground_pool,,DEEPSEATOOTH,,,,,,held_combat,1
ground_pool,,DESTINYKNOT,,,,,,held_combat,1
ground_pool,,DIAMOND,,,,,,general_utility,16
ground_pool,,DIAMONDNECKLACE,,,,,,general_utility,16
ground_pool,,DIREHIT,,,,,,battle_consumable,6
ground_pool,,DIREHIT2,,,,,,battle_consumable,6
ground_pool,,DIREHIT3,,,,,,battle_consumable,6
ground_pool,,DIVEBALL,,,,,,poke_ball,12
ground_pool,,DOMEFOSSIL,,,,,,general_utility,16
ground_pool,,DOUSEDRIVE,,,,,,held_combat,1
ground_pool,,DRACOPLATE,,,,,,held_combat,1
ground_pool,,DRAGONFANG,,,,,,held_combat,1
ground_pool,,DRAGONGEM,,,,,,held_combat,1
ground_pool,,DRAGONSCALE,,,,,,evolution,16
ground_pool,,DREADPLATE,,,,,,held_combat,1
ground_pool,,DREAMBALL,,,,,,poke_ball,12
ground_pool,,DUBIOUSDISC,,,,,,evolution,16
ground_pool,,DURINBERRY,,,,,,general_utility,16
ground_pool,,DUSKBALL,,,,,,poke_ball,12
ground_pool,,DUSKSTONE,,,,,,evolution,16
ground_pool,,EARTHPLATE,,,,,,held_combat,1
ground_pool,,EJECTBUTTON,,,,,,held_combat,1
ground_pool,,ELECTIRIZER,,,,,,evolution,16
ground_pool,,ELECTRICGEM,,,,,,held_combat,1
ground_pool,,ELECTRICSEED,,,,,,held_combat,1
ground_pool,,ELIXIR,,,,,,status_pp_recovery,20
ground_pool,,ENERGYPOWDER,,,,,,hp_recovery,32
ground_pool,,ENERGYROOT,,,,,,hp_recovery,32
ground_pool,,ENIGMABERRY,,,,,,held_combat,1
ground_pool,,ESCAPEROPE,,,,,,general_utility,16
ground_pool,,ETHER,,,,,,status_pp_recovery,20
ground_pool,,EVERSTONE,,,,,,general_utility,16
ground_pool,,EVIOLITE,,,,,,held_combat,1
ground_pool,,EXPCANDY,,,,,,general_utility,16
ground_pool,,EXPERTBELT,,,,,,held_combat,1
ground_pool,,FAIRYGEM,,,,,,held_combat,1
ground_pool,,FANCYMEAL,,,,,,battle_consumable,6
ground_pool,,FASTBALL,,,,,,poke_ball,12
ground_pool,,FIGHTINGGEM,,,,,,held_combat,1
ground_pool,,FIGYBERRY,,,,,,held_combat,1
ground_pool,,FIRECRACKER,,,,,,poke_ball,12
ground_pool,,FIREGEM,,,,,,held_combat,1
ground_pool,,FIRESTONE,,,,,,evolution,16
ground_pool,,FISTPLATE,,,,,,held_combat,1
ground_pool,,FLAMEORB,,,,,,held_combat,1
ground_pool,,FLAMEPLATE,,,,,,held_combat,1
ground_pool,,FLOATSTONE,,,,,,held_combat,1
ground_pool,,FLUFFYTAIL,,,,,,battle_consumable,6
ground_pool,,FLYINGGEM,,,,,,held_combat,1
ground_pool,,FOCUSBAND,,,,,,held_combat,1
ground_pool,,FOCUSSASH,,,,,,held_combat,1
ground_pool,,FRESHWATER,,,,,,hp_recovery,32
ground_pool,,FRIENDBALL,,,,,,poke_ball,12
ground_pool,,FROSTBALL,,,,,,poke_ball,12
ground_pool,,FULLHEAL,,,,,,status_pp_recovery,20
ground_pool,,FULLINCENSE,,,,,,held_combat,1
ground_pool,,FULLRESTORE,,,,,,hp_recovery,32
ground_pool,,FUSIONBALL,,,,,,poke_ball,12
ground_pool,,FUSIONREPEL,,,,,,general_utility,16
ground_pool,,GANLONBERRY,,,,,,held_combat,1
ground_pool,,GENDERBALL,,,,,,poke_ball,12
ground_pool,,GENIUSWING,,,,,,general_utility,16
ground_pool,,GHOSTGEM,,,,,,held_combat,1
ground_pool,,GOLDENBANANA,,,,,,battle_consumable,6
ground_pool,,GOLDRING,,,,,,general_utility,16
ground_pool,,GOOEYMULCH,,,,,,general_utility,16
ground_pool,,GRASSGEM,,,,,,held_combat,1
ground_pool,,GRASSYSEED,,,,,,held_combat,1
ground_pool,,GREATBALL,,,,,,poke_ball,12
ground_pool,,GREENSCARF,,,,,,general_utility,16
ground_pool,,GREENSHARD,,,,,,general_utility,16
ground_pool,,GREPABERRY,,,,,,general_utility,16
ground_pool,,GRIPCLAW,,,,,,held_combat,1
ground_pool,,GRISEOUSORB,,,,,,held_combat,1
ground_pool,,GROUNDGEM,,,,,,held_combat,1
ground_pool,,GROWTHMULCH,,,,,,general_utility,16
ground_pool,,GUARDSPEC,,,,,,battle_consumable,6
ground_pool,,HABANBERRY,,,,,,held_combat,1
ground_pool,,HARDSTONE,,,,,,held_combat,1
ground_pool,,HEALBALL,,,,,,poke_ball,12
ground_pool,,HEALPOWDER,,,,,,status_pp_recovery,20
ground_pool,,HEALTHWING,,,,,,general_utility,16
ground_pool,,HEARTSCALE,,,,,,general_utility,16
ground_pool,,HEATROCK,,,,,,held_combat,1
ground_pool,,HEAVYBALL,,,,,,poke_ball,12
ground_pool,,HELIXFOSSIL,,,,,,general_utility,16
ground_pool,,HONDEWBERRY,,,,,,general_utility,16
ground_pool,,HONEY,,,,,,general_utility,16
ground_pool,,HPUP,,,,,,general_utility,16
ground_pool,,HYPERPOTION,,,,,,hp_recovery,32
ground_pool,,IAPAPABERRY,,,,,,held_combat,1
ground_pool,,ICEGEM,,,,,,held_combat,1
ground_pool,,ICEHEAL,,,,,,status_pp_recovery,20
ground_pool,,ICESTONE,,,,,,evolution,16
ground_pool,,ICICLEPLATE,,,,,,held_combat,1
ground_pool,,ICYROCK,,,,,,held_combat,1
ground_pool,,INCUBATOR,,,,,,general_utility,16
ground_pool,,INCUBATOR_NORMAL,,,,,,general_utility,16
ground_pool,,INSECTPLATE,,,,,,held_combat,1
ground_pool,,IRON,,,,,,general_utility,16
ground_pool,,IRONBALL,,,,,,held_combat,1
ground_pool,,IRONPLATE,,,,,,held_combat,1
ground_pool,,ITEMDROP,,,,,,general_utility,16
ground_pool,,ITEMURGE,,,,,,general_utility,16
ground_pool,,JABOCABERRY,,,,,,held_combat,1
ground_pool,,JAWFOSSIL,,,,,,general_utility,16
ground_pool,,KASIBBERRY,,,,,,held_combat,1
ground_pool,,KEBIABERRY,,,,,,held_combat,1
ground_pool,,KELPSYBERRY,,,,,,general_utility,16
ground_pool,,KINGSROCK,,,,,,held_combat,1
ground_pool,,LAGGINGTAIL,,,,,,held_combat,1
ground_pool,,LANSATBERRY,,,,,,held_combat,1
ground_pool,,LAVACOOKIE,,,,,,status_pp_recovery,20
ground_pool,,LAXINCENSE,,,,,,held_combat,1
ground_pool,,LEAFSTONE,,,,,,evolution,16
ground_pool,,LEFTOVERS,,,,,,held_combat,1
ground_pool,,LEMONADE,,,,,,hp_recovery,32
ground_pool,,LEPPABERRY,,,,,,status_pp_recovery,20
ground_pool,,LEVELBALL,,,,,,poke_ball,12
ground_pool,,LIECHIBERRY,,,,,,held_combat,1
ground_pool,,LIFEORB,,,,,,held_combat,1
ground_pool,,LIGHTBALL,,,,,,held_combat,1
ground_pool,,LIGHTCLAY,,,,,,held_combat,1
ground_pool,,LINKINGCORD,,,,,,evolution,16
ground_pool,,LOVEBALL,,,,,,poke_ball,12
ground_pool,,LUCKINCENSE,,,,,,held_combat,1
ground_pool,,LUCKYEGG,,,,,,held_combat,1
ground_pool,,LUCKYPUNCH,,,,,,held_combat,1
ground_pool,,LUMBERRY,,,,,,status_pp_recovery,20
ground_pool,,LUMINOUSMOSS,,,,,,held_combat,1
ground_pool,,LUREBALL,,,,,,poke_ball,12
ground_pool,,LUSTROUSORB,,,,,,held_combat,1
ground_pool,,LUXURYBALL,,,,,,poke_ball,12
ground_pool,,MACHOBRACE,,,,,,held_combat,1
ground_pool,,MAGMARIZER,,,,,,evolution,16
ground_pool,,MAGNET,,,,,,held_combat,1
ground_pool,,MAGNETSTONE,,,,,,evolution,16
ground_pool,,MAGOBERRY,,,,,,held_combat,1
ground_pool,,MAGOSTBERRY,,,,,,general_utility,16
ground_pool,,MANKEYPAW,,,,,,general_utility,16
ground_pool,,MASTERBALL,,,,,,poke_ball,12
ground_pool,,MAXELIXIR,,,,,,status_pp_recovery,20
ground_pool,,MAXETHER,,,,,,status_pp_recovery,20
ground_pool,,MAXPOTION,,,,,,hp_recovery,32
ground_pool,,MAXREPEL,,,,,,general_utility,16
ground_pool,,MAXREVIVE,,,,,,battle_consumable,6
ground_pool,,MEADOWPLATE,,,,,,held_combat,1
ground_pool,,MENTALHERB,,,,,,held_combat,1
ground_pool,,METALCOAT,,,,,,held_combat,1
ground_pool,,METALPOWDER,,,,,,held_combat,1
ground_pool,,METRONOME,,,,,,held_combat,1
ground_pool,,MICLEBERRY,,,,,,held_combat,1
ground_pool,,MINDPLATE,,,,,,held_combat,1
ground_pool,,MIRACLESEED,,,,,,held_combat,1
ground_pool,,MISTSTONE,,,,,,general_utility,16
ground_pool,,MISTYSEED,,,,,,held_combat,1
ground_pool,,MOOMOOMILK,,,,,,hp_recovery,32
ground_pool,,MOONBALL,,,,,,poke_ball,12
ground_pool,,MOONSTONE,,,,,,evolution,16
ground_pool,,MUSCLEBAND,,,,,,held_combat,1
ground_pool,,MUSCLEWING,,,,,,general_utility,16
ground_pool,,MUSHROOMSPORES,,,,,,general_utility,16
ground_pool,,MYSTICWATER,,,,,,held_combat,1
ground_pool,,NANABBERRY,,,,,,general_utility,16
ground_pool,,NECROZIUM,,,,,,general_utility,16
ground_pool,,NESTBALL,,,,,,poke_ball,12
ground_pool,,NETBALL,,,,,,poke_ball,12
ground_pool,,NEVERMELTICE,,,,,,held_combat,1
ground_pool,,NOMELBERRY,,,,,,general_utility,16
ground_pool,,NORMALGEM,,,,,,held_combat,1
ground_pool,,NUGGET,,,,,,general_utility,16
ground_pool,,OCCABERRY,,,,,,held_combat,1
ground_pool,,ODDINCENSE,,,,,,held_combat,1
ground_pool,,OLDAMBER,,,,,,general_utility,16
ground_pool,,OLDBOOT,,,,,,battle_consumable,6
ground_pool,,OLDGATEAU,,,,,,status_pp_recovery,20
ground_pool,,OLDPENDANT,,,,,,general_utility,16
ground_pool,,ORANBERRY,,,,,,hp_recovery,32
ground_pool,,OVALSTONE,,,,,,evolution,16
ground_pool,,PAMTREBERRY,,,,,,general_utility,16
ground_pool,,PARLYZHEAL,,,,,,status_pp_recovery,20
ground_pool,,PASSHOBERRY,,,,,,held_combat,1
ground_pool,,PAYAPABERRY,,,,,,held_combat,1
ground_pool,,PEARL,,,,,,general_utility,16
ground_pool,,PEARLSTRING,,,,,,general_utility,16
ground_pool,,PECHABERRY,,,,,,status_pp_recovery,20
ground_pool,,PERFECTBALL,,,,,,poke_ball,12
ground_pool,,PERSIMBERRY,,,,,,status_pp_recovery,20
ground_pool,,PETAYABERRY,,,,,,held_combat,1
ground_pool,,PINAPBERRY,,,,,,general_utility,16
ground_pool,,PINKANBERRY,,,,,,general_utility,16
ground_pool,,PINKNECTAR,,,,,,battle_consumable,6
ground_pool,,PINKSCARF,,,,,,general_utility,16
ground_pool,,PIXIEPLATE,,,,,,held_combat,1
ground_pool,,PIZZA,,,,,,battle_consumable,6
ground_pool,,POISONBARB,,,,,,held_combat,1
ground_pool,,POISONGEM,,,,,,held_combat,1
ground_pool,,POISONMUSHROOM,,,,,,battle_consumable,6
ground_pool,,POKEBALL,,,,,,poke_ball,12
ground_pool,,POKEDOLL,,,,,,battle_consumable,6
ground_pool,,POKETOY,,,,,,battle_consumable,6
ground_pool,,POMEGBERRY,,,,,,general_utility,16
ground_pool,,POTION,,,,,,hp_recovery,32
ground_pool,,POWERANKLET,,,,,,held_combat,1
ground_pool,,POWERBAND,,,,,,held_combat,1
ground_pool,,POWERBELT,,,,,,held_combat,1
ground_pool,,POWERBRACER,,,,,,held_combat,1
ground_pool,,POWERHERB,,,,,,held_combat,1
ground_pool,,POWERLENS,,,,,,held_combat,1
ground_pool,,POWERWEIGHT,,,,,,held_combat,1
ground_pool,,PPMAX,,,,,,general_utility,16
ground_pool,,PPUP,,,,,,general_utility,16
ground_pool,,PREMIERBALL,,,,,,poke_ball,12
ground_pool,,PRESENT,,,,,,general_utility,16
ground_pool,,PRETTYWING,,,,,,general_utility,16
ground_pool,,PRISMSCALE,,,,,,evolution,16
ground_pool,,PROTECTIVEPADS,,,,,,held_combat,1
ground_pool,,PROTECTOR,,,,,,evolution,16
ground_pool,,PROTEIN,,,,,,general_utility,16
ground_pool,,PSYCHICGEM,,,,,,held_combat,1
ground_pool,,PSYCHICSEED,,,,,,held_combat,1
ground_pool,,PUREBALL,,,,,,poke_ball,12
ground_pool,,PUREINCENSE,,,,,,held_combat,1
ground_pool,,QUALOTBERRY,,,,,,general_utility,16
ground_pool,,QUICKBALL,,,,,,poke_ball,12
ground_pool,,QUICKCLAW,,,,,,held_combat,1
ground_pool,,QUICKPOWDER,,,,,,held_combat,1
ground_pool,,RABUTABERRY,,,,,,general_utility,16
ground_pool,,RAGECANDYBAR,,,,,,status_pp_recovery,20
ground_pool,,RAREBONE,,,,,,general_utility,16
ground_pool,,RARECANDY,,,,,,general_utility,16
ground_pool,,RAWSTBERRY,,,,,,status_pp_recovery,20
ground_pool,,RAZORCLAW,,,,,,held_combat,1
ground_pool,,RAZORFANG,,,,,,held_combat,1
ground_pool,,RAZZBERRY,,,,,,general_utility,16
ground_pool,,REAPERCLOTH,,,,,,evolution,16
ground_pool,,REDCARD,,,,,,held_combat,1
ground_pool,,REDFLUTE,,,,,,status_pp_recovery,20
ground_pool,,REDNECTAR,,,,,,battle_consumable,6
ground_pool,,REDSCARF,,,,,,general_utility,16
ground_pool,,REDSHARD,,,,,,general_utility,16
ground_pool,,RELICBAND,,,,,,general_utility,16
ground_pool,,RELICCOPPER,,,,,,general_utility,16
ground_pool,,RELICCROWN,,,,,,general_utility,16
ground_pool,,RELICGOLD,,,,,,general_utility,16
ground_pool,,RELICSILVER,,,,,,general_utility,16
ground_pool,,RELICSTATUE,,,,,,general_utility,16
ground_pool,,RELICVASE,,,,,,general_utility,16
ground_pool,,REPEATBALL,,,,,,poke_ball,12
ground_pool,,REPEL,,,,,,general_utility,16
ground_pool,,RESETURGE,,,,,,general_utility,16
ground_pool,,RESISTWING,,,,,,general_utility,16
ground_pool,,REVIVALHERB,,,,,,battle_consumable,6
ground_pool,,REVIVE,,,,,,battle_consumable,6
ground_pool,,RICHMULCH,,,,,,general_utility,16
ground_pool,,RINDOBERRY,,,,,,held_combat,1
ground_pool,,RINGTARGET,,,,,,held_combat,1
ground_pool,,ROCKETBALL,,,,,,poke_ball,12
ground_pool,,ROCKETMEAL,,,,,,battle_consumable,6
ground_pool,,ROCKGEM,,,,,,held_combat,1
ground_pool,,ROCKINCENSE,,,,,,held_combat,1
ground_pool,,ROCKYHELMET,,,,,,held_combat,1
ground_pool,,ROOTFOSSIL,,,,,,general_utility,16
ground_pool,,ROSEINCENSE,,,,,,held_combat,1
ground_pool,,ROSELIBERRY,,,,,,held_combat,1
ground_pool,,ROWAPBERRY,,,,,,held_combat,1
ground_pool,,SACREDASH,,,,,,general_utility,16
ground_pool,,SACREDPOTION,,,,,,general_utility,16
ground_pool,,SAFARIBALL,,,,,,poke_ball,12
ground_pool,,SAFARISOUVENIR,,,,,,general_utility,16
ground_pool,,SAFETYGOGGLES,,,,,,held_combat,1
ground_pool,,SAILFOSSIL,,,,,,general_utility,16
ground_pool,,SALACBERRY,,,,,,held_combat,1
ground_pool,,SCOPELENS,,,,,,held_combat,1
ground_pool,,SCORCHBALL,,,,,,poke_ball,12
ground_pool,,SEADRAFIN,,,,,,general_utility,16
ground_pool,,SEAINCENSE,,,,,,held_combat,1
ground_pool,,SEAWEED,,,,,,battle_consumable,6
ground_pool,,SECRETCAPSULE,,,,,,general_utility,16
ground_pool,,SHARPBEAK,,,,,,held_combat,1
ground_pool,,SHEDSHELL,,,,,,held_combat,1
ground_pool,,SHELLBELL,,,,,,held_combat,1
ground_pool,,SHINYBALL,,,,,,poke_ball,12
ground_pool,,SHINYSTONE,,,,,,evolution,16
ground_pool,,SHOALSALT,,,,,,general_utility,16
ground_pool,,SHOALSHELL,,,,,,general_utility,16
ground_pool,,SHOCKDRIVE,,,,,,held_combat,1
ground_pool,,SHOOTER,,,,,,battle_consumable,6
ground_pool,,SHUCABERRY,,,,,,held_combat,1
ground_pool,,SILKSCARF,,,,,,held_combat,1
ground_pool,,SILVERPOWDER,,,,,,held_combat,1
ground_pool,,SITRUSBERRY,,,,,,hp_recovery,32
ground_pool,,SKINNYLATTE,,,,,,battle_consumable,6
ground_pool,,SKULLFOSSIL,,,,,,general_utility,16
ground_pool,,SKYPLATE,,,,,,held_combat,1
ground_pool,,SLOWPOKETAIL,,,,,,general_utility,16
ground_pool,,SMOKEBALL,,,,,,held_combat,1
ground_pool,,SMOOTHROCK,,,,,,held_combat,1
ground_pool,,SNOWBALL,,,,,,held_combat,1
ground_pool,,SODAPOP,,,,,,hp_recovery,32
ground_pool,,SOFTSAND,,,,,,held_combat,1
ground_pool,,SOOTHEBELL,,,,,,general_utility,16
ground_pool,,SOULDEW,,,,,,held_combat,1
ground_pool,,SPARKBALL,,,,,,poke_ball,12
ground_pool,,SPELLTAG,,,,,,held_combat,1
ground_pool,,SPELONBERRY,,,,,,general_utility,16
ground_pool,,SPLASHPLATE,,,,,,held_combat,1
ground_pool,,SPOOKYPLATE,,,,,,held_combat,1
ground_pool,,SPORTBALL,,,,,,poke_ball,12
ground_pool,,STABLEMULCH,,,,,,general_utility,16
ground_pool,,STARDUST,,,,,,general_utility,16
ground_pool,,STARFBERRY,,,,,,held_combat,1
ground_pool,,STARPIECE,,,,,,general_utility,16
ground_pool,,STATUSBALL,,,,,,poke_ball,12
ground_pool,,STEELGEM,,,,,,held_combat,1
ground_pool,,STICK,,,,,,held_combat,1
ground_pool,,STICKYBARB,,,,,,held_combat,1
ground_pool,,STONEPLATE,,,,,,held_combat,1
ground_pool,,SUNSTONE,,,,,,evolution,16
ground_pool,,SUPERPOTION,,,,,,hp_recovery,32
ground_pool,,SUPERREPEL,,,,,,general_utility,16
ground_pool,,SWEETHEART,,,,,,hp_recovery,32
ground_pool,,SWIFTWING,,,,,,general_utility,16
ground_pool,,TAMATOBERRY,,,,,,general_utility,16
ground_pool,,TANGABERRY,,,,,,held_combat,1
ground_pool,,TERRAINEXTENDER,,,,,,held_combat,1
ground_pool,,THICKCLUB,,,,,,held_combat,1
ground_pool,,THUNDERSTONE,,,,,,evolution,16
ground_pool,,TIMERBALL,,,,,,poke_ball,12
ground_pool,,TINYMUSHROOM,,,,,,general_utility,16
ground_pool,,TM00,,,,,,tm,8
ground_pool,,TM01,,,,,,tm,8
ground_pool,,TM02,,,,,,tm,8
ground_pool,,TM03,,,,,,tm,8
ground_pool,,TM04,,,,,,tm,8
ground_pool,,TM05,,,,,,tm,8
ground_pool,,TM06,,,,,,tm,8
ground_pool,,TM07,,,,,,tm,8
ground_pool,,TM08,,,,,,tm,8
ground_pool,,TM09,,,,,,tm,8
ground_pool,,TM10,,,,,,tm,8
ground_pool,,TM100,,,,,,tm,8
ground_pool,,TM101,,,,,,tm,8
ground_pool,,TM102,,,,,,tm,8
ground_pool,,TM103,,,,,,tm,8
ground_pool,,TM104,,,,,,tm,8
ground_pool,,TM105,,,,,,tm,8
ground_pool,,TM106,,,,,,tm,8
ground_pool,,TM107,,,,,,tm,8
ground_pool,,TM108,,,,,,tm,8
ground_pool,,TM109,,,,,,tm,8
ground_pool,,TM11,,,,,,tm,8
ground_pool,,TM110,,,,,,tm,8
ground_pool,,TM111,,,,,,tm,8
ground_pool,,TM112,,,,,,tm,8
ground_pool,,TM113,,,,,,tm,8
ground_pool,,TM114,,,,,,tm,8
ground_pool,,TM115,,,,,,tm,8
ground_pool,,TM116,,,,,,tm,8
ground_pool,,TM117,,,,,,tm,8
ground_pool,,TM118,,,,,,tm,8
ground_pool,,TM119,,,,,,tm,8
ground_pool,,TM12,,,,,,tm,8
ground_pool,,TM120,,,,,,tm,8
ground_pool,,TM121,,,,,,tm,8
ground_pool,,TM122,,,,,,tm,8
ground_pool,,TM123,,,,,,tm,8
ground_pool,,TM13,,,,,,tm,8
ground_pool,,TM14,,,,,,tm,8
ground_pool,,TM15,,,,,,tm,8
ground_pool,,TM16,,,,,,tm,8
ground_pool,,TM17,,,,,,tm,8
ground_pool,,TM18,,,,,,tm,8
ground_pool,,TM19,,,,,,tm,8
ground_pool,,TM20,,,,,,tm,8
ground_pool,,TM21,,,,,,tm,8
ground_pool,,TM22,,,,,,tm,8
ground_pool,,TM23,,,,,,tm,8
ground_pool,,TM24,,,,,,tm,8
ground_pool,,TM25,,,,,,tm,8
ground_pool,,TM26,,,,,,tm,8
ground_pool,,TM27,,,,,,tm,8
ground_pool,,TM28,,,,,,tm,8
ground_pool,,TM29,,,,,,tm,8
ground_pool,,TM30,,,,,,tm,8
ground_pool,,TM31,,,,,,tm,8
ground_pool,,TM32,,,,,,tm,8
ground_pool,,TM33,,,,,,tm,8
ground_pool,,TM34,,,,,,tm,8
ground_pool,,TM35,,,,,,tm,8
ground_pool,,TM36,,,,,,tm,8
ground_pool,,TM37,,,,,,tm,8
ground_pool,,TM38,,,,,,tm,8
ground_pool,,TM39,,,,,,tm,8
ground_pool,,TM40,,,,,,tm,8
ground_pool,,TM41,,,,,,tm,8
ground_pool,,TM42,,,,,,tm,8
ground_pool,,TM43,,,,,,tm,8
ground_pool,,TM44,,,,,,tm,8
ground_pool,,TM45,,,,,,tm,8
ground_pool,,TM46,,,,,,tm,8
ground_pool,,TM47,,,,,,tm,8
ground_pool,,TM48,,,,,,tm,8
ground_pool,,TM49,,,,,,tm,8
ground_pool,,TM50,,,,,,tm,8
ground_pool,,TM51,,,,,,tm,8
ground_pool,,TM52,,,,,,tm,8
ground_pool,,TM53,,,,,,tm,8
ground_pool,,TM54,,,,,,tm,8
ground_pool,,TM55,,,,,,tm,8
ground_pool,,TM56,,,,,,tm,8
ground_pool,,TM57,,,,,,tm,8
ground_pool,,TM58,,,,,,tm,8
ground_pool,,TM59,,,,,,tm,8
ground_pool,,TM60,,,,,,tm,8
ground_pool,,TM61,,,,,,tm,8
ground_pool,,TM62,,,,,,tm,8
ground_pool,,TM63,,,,,,tm,8
ground_pool,,TM64,,,,,,tm,8
ground_pool,,TM65,,,,,,tm,8
ground_pool,,TM66,,,,,,tm,8
ground_pool,,TM67,,,,,,tm,8
ground_pool,,TM68,,,,,,tm,8
ground_pool,,TM69,,,,,,tm,8
ground_pool,,TM70,,,,,,tm,8
ground_pool,,TM71,,,,,,tm,8
ground_pool,,TM72,,,,,,tm,8
ground_pool,,TM73,,,,,,tm,8
ground_pool,,TM74,,,,,,tm,8
ground_pool,,TM75,,,,,,tm,8
ground_pool,,TM76,,,,,,tm,8
ground_pool,,TM77,,,,,,tm,8
ground_pool,,TM78,,,,,,tm,8
ground_pool,,TM79,,,,,,tm,8
ground_pool,,TM80,,,,,,tm,8
ground_pool,,TM81,,,,,,tm,8
ground_pool,,TM82,,,,,,tm,8
ground_pool,,TM83,,,,,,tm,8
ground_pool,,TM84,,,,,,tm,8
ground_pool,,TM85,,,,,,tm,8
ground_pool,,TM86,,,,,,tm,8
ground_pool,,TM87,,,,,,tm,8
ground_pool,,TM88,,,,,,tm,8
ground_pool,,TM89,,,,,,tm,8
ground_pool,,TM90,,,,,,tm,8
ground_pool,,TM91,,,,,,tm,8
ground_pool,,TM92,,,,,,tm,8
ground_pool,,TM93,,,,,,tm,8
ground_pool,,TM94,,,,,,tm,8
ground_pool,,TM95,,,,,,tm,8
ground_pool,,TM96,,,,,,tm,8
ground_pool,,TM97,,,,,,tm,8
ground_pool,,TM98,,,,,,tm,8
ground_pool,,TM99,,,,,,tm,8
ground_pool,,TOXICBALL,,,,,,poke_ball,12
ground_pool,,TOXICORB,,,,,,held_combat,1
ground_pool,,TOXICPLATE,,,,,,held_combat,1
ground_pool,,TRADEBALL,,,,,,poke_ball,12
ground_pool,,TRANSGENDERSTONE,,,,,,general_utility,16
ground_pool,,TWISTEDSPOON,,,,,,held_combat,1
ground_pool,,ULTRABALL,,,,,,poke_ball,12
ground_pool,,UNKNOWN,,,,,,general_utility,16
ground_pool,,UPGRADE,,,,,,evolution,16
ground_pool,,VIRUSBALL,,,,,,poke_ball,12
ground_pool,,WACANBERRY,,,,,,held_combat,1
ground_pool,,WATERGEM,,,,,,held_combat,1
ground_pool,,WATERSTONE,,,,,,evolution,16
ground_pool,,WATMELBERRY,,,,,,general_utility,16
ground_pool,,WAVEINCENSE,,,,,,held_combat,1
ground_pool,,WEAKNESSPOLICY,,,,,,held_combat,1
ground_pool,,WEPEARBERRY,,,,,,general_utility,16
ground_pool,,WHIPPEDDREAM,,,,,,general_utility,16
ground_pool,,WHITEFLAG,,,,,,general_utility,16
ground_pool,,WHITEFLUTE,,,,,,general_utility,16
ground_pool,,WHITEHERB,,,,,,held_combat,1
ground_pool,,WIDELENS,,,,,,held_combat,1
ground_pool,,WIKIBERRY,,,,,,held_combat,1
ground_pool,,WISEGLASSES,,,,,,held_combat,1
ground_pool,,XACCURACY,,,,,,battle_consumable,6
ground_pool,,XACCURACY2,,,,,,battle_consumable,6
ground_pool,,XACCURACY3,,,,,,battle_consumable,6
ground_pool,,XACCURACY6,,,,,,battle_consumable,6
ground_pool,,XATTACK,,,,,,battle_consumable,6
ground_pool,,XATTACK2,,,,,,battle_consumable,6
ground_pool,,XATTACK3,,,,,,battle_consumable,6
ground_pool,,XATTACK6,,,,,,battle_consumable,6
ground_pool,,XDEFENSE,,,,,,battle_consumable,6
ground_pool,,XDEFENSE2,,,,,,battle_consumable,6
ground_pool,,XDEFENSE3,,,,,,battle_consumable,6
ground_pool,,XDEFENSE6,,,,,,battle_consumable,6
ground_pool,,XSPATK,,,,,,battle_consumable,6
ground_pool,,XSPATK2,,,,,,battle_consumable,6
ground_pool,,XSPATK3,,,,,,battle_consumable,6
ground_pool,,XSPATK6,,,,,,battle_consumable,6
ground_pool,,XSPDEF,,,,,,battle_consumable,6
ground_pool,,XSPDEF2,,,,,,battle_consumable,6
ground_pool,,XSPDEF3,,,,,,battle_consumable,6
ground_pool,,XSPDEF6,,,,,,battle_consumable,6
ground_pool,,XSPEED,,,,,,battle_consumable,6
ground_pool,,XSPEED2,,,,,,battle_consumable,6
ground_pool,,XSPEED3,,,,,,battle_consumable,6
ground_pool,,XSPEED6,,,,,,battle_consumable,6
ground_pool,,YACHEBERRY,,,,,,held_combat,1
ground_pool,,YELLOWFLUTE,,,,,,status_pp_recovery,20
ground_pool,,YELLOWNECTAR,,,,,,battle_consumable,6
ground_pool,,YELLOWSCARF,,,,,,general_utility,16
ground_pool,,YELLOWSHARD,,,,,,general_utility,16
ground_pool,,ZAPPLATE,,,,,,held_combat,1
ground_pool,,ZINC,,,,,,general_utility,16
ground_pool,,ZOOMLENS,,,,,,held_combat,1
tm_pool,,TM00,,,,,TM gifts select uniformly,tm,8
tm_pool,,TM01,,,,,TM gifts select uniformly,tm,8
tm_pool,,TM02,,,,,TM gifts select uniformly,tm,8
tm_pool,,TM03,,,,,TM gifts select uniformly,tm,8
tm_pool,,TM04,,,,,TM gifts select uniformly,tm,8
tm_pool,,TM05,,,,,TM gifts select uniformly,tm,8
tm_pool,,TM06,,,,,TM gifts select uniformly,tm,8
tm_pool,,TM07,,,,,TM gifts select uniformly,tm,8
tm_pool,,TM08,,,,,TM gifts select uniformly,tm,8
tm_pool,,TM09,,,,,TM gifts select uniformly,tm,8
tm_pool,,TM10,,,,,TM gifts select uniformly,tm,8
tm_pool,,TM100,,,,,TM gifts select uniformly,tm,8
tm_pool,,TM101,,,,,TM gifts select uniformly,tm,8
tm_pool,,TM102,,,,,TM gifts select uniformly,tm,8
tm_pool,,TM103,,,,,TM gifts select uniformly,tm,8
tm_pool,,TM104,,,,,TM gifts select uniformly,tm,8
tm_pool,,TM105,,,,,TM gifts select uniformly,tm,8
tm_pool,,TM106,,,,,TM gifts select uniformly,tm,8
tm_pool,,TM107,,,,,TM gifts select uniformly,tm,8
tm_pool,,TM108,,,,,TM gifts select uniformly,tm,8
tm_pool,,TM109,,,,,TM gifts select uniformly,tm,8
tm_pool,,TM11,,,,,TM gifts select uniformly,tm,8
tm_pool,,TM110,,,,,TM gifts select uniformly,tm,8
tm_pool,,TM111,,,,,TM gifts select uniformly,tm,8
tm_pool,,TM112,,,,,TM gifts select uniformly,tm,8
tm_pool,,TM113,,,,,TM gifts select uniformly,tm,8
tm_pool,,TM114,,,,,TM gifts select uniformly,tm,8
tm_pool,,TM115,,,,,TM gifts select uniformly,tm,8
tm_pool,,TM116,,,,,TM gifts select uniformly,tm,8
tm_pool,,TM117,,,,,TM gifts select uniformly,tm,8
tm_pool,,TM118,,,,,TM gifts select uniformly,tm,8
tm_pool,,TM119,,,,,TM gifts select uniformly,tm,8
tm_pool,,TM12,,,,,TM gifts select uniformly,tm,8
tm_pool,,TM120,,,,,TM gifts select uniformly,tm,8
tm_pool,,TM121,,,,,TM gifts select uniformly,tm,8
tm_pool,,TM122,,,,,TM gifts select uniformly,tm,8
tm_pool,,TM123,,,,,TM gifts select uniformly,tm,8
tm_pool,,TM13,,,,,TM gifts select uniformly,tm,8
tm_pool,,TM14,,,,,TM gifts select uniformly,tm,8
tm_pool,,TM15,,,,,TM gifts select uniformly,tm,8
tm_pool,,TM16,,,,,TM gifts select uniformly,tm,8
tm_pool,,TM17,,,,,TM gifts select uniformly,tm,8
tm_pool,,TM18,,,,,TM gifts select uniformly,tm,8
tm_pool,,TM19,,,,,TM gifts select uniformly,tm,8
tm_pool,,TM20,,,,,TM gifts select uniformly,tm,8
tm_pool,,TM21,,,,,TM gifts select uniformly,tm,8
tm_pool,,TM22,,,,,TM gifts select uniformly,tm,8
tm_pool,,TM23,,,,,TM gifts select uniformly,tm,8
tm_pool,,TM24,,,,,TM gifts select uniformly,tm,8
tm_pool,,TM25,,,,,TM gifts select uniformly,tm,8
tm_pool,,TM26,,,,,TM gifts select uniformly,tm,8
tm_pool,,TM27,,,,,TM gifts select uniformly,tm,8
tm_pool,,TM28,,,,,TM gifts select uniformly,tm,8
tm_pool,,TM29,,,,,TM gifts select uniformly,tm,8
tm_pool,,TM30,,,,,TM gifts select uniformly,tm,8
tm_pool,,TM31,,,,,TM gifts select uniformly,tm,8
tm_pool,,TM32,,,,,TM gifts select uniformly,tm,8
tm_pool,,TM33,,,,,TM gifts select uniformly,tm,8
tm_pool,,TM34,,,,,TM gifts select uniformly,tm,8
tm_pool,,TM35,,,,,TM gifts select uniformly,tm,8
tm_pool,,TM36,,,,,TM gifts select uniformly,tm,8
tm_pool,,TM37,,,,,TM gifts select uniformly,tm,8
tm_pool,,TM38,,,,,TM gifts select uniformly,tm,8
tm_pool,,TM39,,,,,TM gifts select uniformly,tm,8
tm_pool,,TM40,,,,,TM gifts select uniformly,tm,8
tm_pool,,TM41,,,,,TM gifts select uniformly,tm,8
tm_pool,,TM42,,,,,TM gifts select uniformly,tm,8
tm_pool,,TM43,,,,,TM gifts select uniformly,tm,8
tm_pool,,TM44,,,,,TM gifts select uniformly,tm,8
tm_pool,,TM45,,,,,TM gifts select uniformly,tm,8
tm_pool,,TM46,,,,,TM gifts select uniformly,tm,8
tm_pool,,TM47,,,,,TM gifts select uniformly,tm,8
tm_pool,,TM48,,,,,TM gifts select uniformly,tm,8
tm_pool,,TM49,,,,,TM gifts select uniformly,tm,8
tm_pool,,TM50,,,,,TM gifts select uniformly,tm,8
tm_pool,,TM51,,,,,TM gifts select uniformly,tm,8
tm_pool,,TM52,,,,,TM gifts select uniformly,tm,8
tm_pool,,TM53,,,,,TM gifts select uniformly,tm,8
tm_pool,,TM54,,,,,TM gifts select uniformly,tm,8
tm_pool,,TM55,,,,,TM gifts select uniformly,tm,8
tm_pool,,TM56,,,,,TM gifts select uniformly,tm,8
tm_pool,,TM57,,,,,TM gifts select uniformly,tm,8
tm_pool,,TM58,,,,,TM gifts select uniformly,tm,8
tm_pool,,TM59,,,,,TM gifts select uniformly,tm,8
tm_pool,,TM60,,,,,TM gifts select uniformly,tm,8
tm_pool,,TM61,,,,,TM gifts select uniformly,tm,8
tm_pool,,TM62,,,,,TM gifts select uniformly,tm,8
tm_pool,,TM63,,,,,TM gifts select uniformly,tm,8
tm_pool,,TM64,,,,,TM gifts select uniformly,tm,8
tm_pool,,TM65,,,,,TM gifts select uniformly,tm,8
tm_pool,,TM66,,,,,TM gifts select uniformly,tm,8
tm_pool,,TM67,,,,,TM gifts select uniformly,tm,8
tm_pool,,TM68,,,,,TM gifts select uniformly,tm,8
tm_pool,,TM69,,,,,TM gifts select uniformly,tm,8
tm_pool,,TM70,,,,,TM gifts select uniformly,tm,8
tm_pool,,TM71,,,,,TM gifts select uniformly,tm,8
tm_pool,,TM72,,,,,TM gifts select uniformly,tm,8
tm_pool,,TM73,,,,,TM gifts select uniformly,tm,8
tm_pool,,TM74,,,,,TM gifts select uniformly,tm,8
tm_pool,,TM75,,,,,TM gifts select uniformly,tm,8
tm_pool,,TM76,,,,,TM gifts select uniformly,tm,8
tm_pool,,TM77,,,,,TM gifts select uniformly,tm,8
tm_pool,,TM78,,,,,TM gifts select uniformly,tm,8
tm_pool,,TM79,,,,,TM gifts select uniformly,tm,8
tm_pool,,TM80,,,,,TM gifts select uniformly,tm,8
tm_pool,,TM81,,,,,TM gifts select uniformly,tm,8
tm_pool,,TM82,,,,,TM gifts select uniformly,tm,8
tm_pool,,TM83,,,,,TM gifts select uniformly,tm,8
tm_pool,,TM84,,,,,TM gifts select uniformly,tm,8
tm_pool,,TM85,,,,,TM gifts select uniformly,tm,8
tm_pool,,TM86,,,,,TM gifts select uniformly,tm,8
tm_pool,,TM87,,,,,TM gifts select uniformly,tm,8
tm_pool,,TM88,,,,,TM gifts select uniformly,tm,8
tm_pool,,TM89,,,,,TM gifts select uniformly,tm,8
tm_pool,,TM90,,,,,TM gifts select uniformly,tm,8
tm_pool,,TM91,,,,,TM gifts select uniformly,tm,8
tm_pool,,TM92,,,,,TM gifts select uniformly,tm,8
tm_pool,,TM93,,,,,TM gifts select uniformly,tm,8
tm_pool,,TM94,,,,,TM gifts select uniformly,tm,8
tm_pool,,TM95,,,,,TM gifts select uniformly,tm,8
tm_pool,,TM96,,,,,TM gifts select uniformly,tm,8
tm_pool,,TM97,,,,,TM gifts select uniformly,tm,8
tm_pool,,TM98,,,,,TM gifts select uniformly,tm,8
tm_pool,,TM99,,,,,TM gifts select uniformly,tm,8
structural_exclusion,,ACCURACYUP,,,,,unsupported registration,excluded,0
structural_exclusion,,ACROBIKE,,,,,key item or field tool,excluded,0
structural_exclusion,,AIRMAIL,,,,,versioned result ban,excluded,0
structural_exclusion,,ANCIENTSTONE,,,,,unsupported registration,excluded,0
structural_exclusion,,AQUAUNIFORM,,,,,key item or field tool,excluded,0
structural_exclusion,,AURORATICKET,,,,,key item or field tool,excluded,0
structural_exclusion,,AZUREFLUTE,,,,,key item or field tool,excluded,0
structural_exclusion,,BANDLOGO,,,,,key item or field tool,excluded,0
structural_exclusion,,BEDROOMKEY,,,,,key item or field tool,excluded,0
structural_exclusion,,BERSERKGENE,,,,,key item or field tool,excluded,0
structural_exclusion,,BICYCLE,,,,,key item or field tool,excluded,0
structural_exclusion,,BLACKAPRICORN,,,,,versioned result ban,excluded,0
structural_exclusion,,BLOOMMAIL,,,,,versioned result ban,excluded,0
structural_exclusion,,BLUEAPRICORN,,,,,versioned result ban,excluded,0
structural_exclusion,,BOXLINK,,,,,key item or field tool,excluded,0
structural_exclusion,,BRICKMAIL,,,,,versioned result ban,excluded,0
structural_exclusion,,BRICKS,,,,,key item or field tool,excluded,0
structural_exclusion,,BRONZEEMBLEM,,,,,key item or field tool,excluded,0
structural_exclusion,,BUBBLEMAIL,,,,,versioned result ban,excluded,0
structural_exclusion,,CAPTAINSKEY,,,,,key item or field tool,excluded,0
structural_exclusion,,CARDKEY,,,,,key item or field tool,excluded,0
structural_exclusion,,CLIMBINGGEAR,,,,,versioned result ban,excluded,0
structural_exclusion,,CLOTHESDYEKIT,,,,,key item or field tool,excluded,0
structural_exclusion,,COINCASE,,,,,key item or field tool,excluded,0
structural_exclusion,,CORRUPTEDFEATHER,,,,,key item or field tool,excluded,0
structural_exclusion,,COVERFOSSIL,,,,,unsupported registration,excluded,0
structural_exclusion,,DAMAGEUP,,,,,unsupported registration,excluded,0
structural_exclusion,,DARKSTONE,,,,,key item or field tool,excluded,0
structural_exclusion,,DEBUGCANDY,,,,,unsupported registration,excluded,0
structural_exclusion,,DEBUGGER,,,,,key item or field tool,excluded,0
structural_exclusion,,DEMHARDMODE,,,,,key item or field tool,excluded,0
structural_exclusion,,DEVOLUTIONSPRAY,,,,,unsupported registration,excluded,0
structural_exclusion,,DEVONPARTS,,,,,key item or field tool,excluded,0
structural_exclusion,,DEVONSCOPE,,,,,key item or field tool,excluded,0
structural_exclusion,,DNAREVERSER,,,,,versioned result ban,excluded,0
structural_exclusion,,DNASPLICERS,,,,,versioned result ban,excluded,0
structural_exclusion,,DOWSINGMACHINE,,,,,key item or field tool,excluded,0
structural_exclusion,,DREAMMIRROR,,,,,key item or field tool,excluded,0
structural_exclusion,,DYNAMITE,,,,,versioned result ban,excluded,0
structural_exclusion,,EMERALD,,,,,key item or field tool,excluded,0
structural_exclusion,,EMERGENCYWHISTLE,,,,,key item or field tool,excluded,0
structural_exclusion,,EXPALL,,,,,key item or field tool,excluded,0
structural_exclusion,,EXPALLOFF,,,,,key item or field tool,excluded,0
structural_exclusion,,EXPSHARE,,,,,versioned result ban,excluded,0
structural_exclusion,,FAVORITEOUTFIT,,,,,key item or field tool,excluded,0
structural_exclusion,,FIELDSLEEPINGBAG,,,,,key item or field tool,excluded,0
structural_exclusion,,FLAMEMAIL,,,,,versioned result ban,excluded,0
structural_exclusion,,GASMASK,,,,,key item or field tool,excluded,0
structural_exclusion,,GOLDEMBLEM,,,,,key item or field tool,excluded,0
structural_exclusion,,GOODROD,,,,,key item or field tool,excluded,0
structural_exclusion,,GRACIDEA,,,,,key item or field tool,excluded,0
structural_exclusion,,GRASSMAIL,,,,,versioned result ban,excluded,0
structural_exclusion,,GREENAPRICORN,,,,,versioned result ban,excluded,0
structural_exclusion,,GSBALL,,,,,key item or field tool,excluded,0
structural_exclusion,,HATSDYEKIT,,,,,key item or field tool,excluded,0
structural_exclusion,,HEARTMAIL,,,,,versioned result ban,excluded,0
structural_exclusion,,HM01,,,,,protected HM identifier,excluded,0
structural_exclusion,,HM02,,,,,protected HM identifier,excluded,0
structural_exclusion,,HM03,,,,,protected HM identifier,excluded,0
structural_exclusion,,HM04,,,,,protected HM identifier,excluded,0
structural_exclusion,,HM05,,,,,protected HM identifier,excluded,0
structural_exclusion,,HM06,,,,,protected HM identifier,excluded,0
structural_exclusion,,HM07,,,,,protected HM identifier,excluded,0
structural_exclusion,,HM08,,,,,protected HM identifier,excluded,0
structural_exclusion,,HM09,,,,,protected HM identifier,excluded,0
structural_exclusion,,HM10,,,,,protected HM identifier,excluded,0
structural_exclusion,,HM11,,,,,protected HM identifier,excluded,0
structural_exclusion,,ICEPICK,,,,,key item or field tool,excluded,0
structural_exclusion,,INFINITEREVERSERS,,,,,key item or field tool,excluded,0
structural_exclusion,,INFINITESPLICERS,,,,,key item or field tool,excluded,0
structural_exclusion,,INFINITESPLICERS2,,,,,key item or field tool,excluded,0
structural_exclusion,,INVISIBALL,,,,,unsupported registration,excluded,0
structural_exclusion,,ITEMFINDER,,,,,key item or field tool,excluded,0
structural_exclusion,,JETPACK,,,,,versioned result ban,excluded,0
structural_exclusion,,KRABBYLEGS,,,,,key item or field tool,excluded,0
structural_exclusion,,LANTERN,,,,,versioned result ban,excluded,0
structural_exclusion,,LETTER,,,,,key item or field tool,excluded,0
structural_exclusion,,LEVER,,,,,versioned result ban,excluded,0
structural_exclusion,,LIFTKEY,,,,,key item or field tool,excluded,0
structural_exclusion,,LIGHTSTONE,,,,,key item or field tool,excluded,0
structural_exclusion,,LOVELETTER,,,,,key item or field tool,excluded,0
structural_exclusion,,LUNARFEATHER,,,,,key item or field tool,excluded,0
structural_exclusion,,MACHBIKE,,,,,key item or field tool,excluded,0
structural_exclusion,,MACHETE,,,,,versioned result ban,excluded,0
structural_exclusion,,MAGICBOOTS,,,,,key item or field tool,excluded,0
structural_exclusion,,MAGMAUNIFORM,,,,,key item or field tool,excluded,0
structural_exclusion,,MAGNETPASS,,,,,key item or field tool,excluded,0
structural_exclusion,,MANSIONKEY,,,,,key item or field tool,excluded,0
structural_exclusion,,MASTERBALLPROTO,,,,,key item or field tool,excluded,0
structural_exclusion,,MOSAICMAIL,,,,,versioned result ban,excluded,0
structural_exclusion,,NETWORKCHIP,,,,,key item or field tool,excluded,0
structural_exclusion,,NOTEBOOK,,,,,key item or field tool,excluded,0
structural_exclusion,,OAKSPARCEL,,,,,key item or field tool,excluded,0
structural_exclusion,,ODDKEYSTONE,,,,,key item or field tool,excluded,0
structural_exclusion,,ODDKEYSTONE_FULL,,,,,unsupported registration,excluded,0
structural_exclusion,,OLDROD,,,,,key item or field tool,excluded,0
structural_exclusion,,OLDSEAMAP,,,,,key item or field tool,excluded,0
structural_exclusion,,OVALCHARM,,,,,key item or field tool,excluded,0
structural_exclusion,,PICKAXE,,,,,versioned result ban,excluded,0
structural_exclusion,,PINKAPRICORN,,,,,versioned result ban,excluded,0
structural_exclusion,,PLUMEFOSSIL,,,,,unsupported registration,excluded,0
structural_exclusion,,POKEBLOCKCASE,,,,,key item or field tool,excluded,0
structural_exclusion,,POKEDEX,,,,,key item or field tool,excluded,0
structural_exclusion,,POKEFLUTE,,,,,key item or field tool,excluded,0
structural_exclusion,,POKENAV,,,,,key item or field tool,excluded,0
structural_exclusion,,POKERADAR,,,,,key item or field tool,excluded,0
structural_exclusion,,POWERPLANTKEY,,,,,key item or field tool,excluded,0
structural_exclusion,,RACEBIKE,,,,,key item or field tool,excluded,0
structural_exclusion,,REDAPRICORN,,,,,versioned result ban,excluded,0
structural_exclusion,,REGITABLET,,,,,key item or field tool,excluded,0
structural_exclusion,,REVEALGLASS,,,,,key item or field tool,excluded,0
structural_exclusion,,ROCKETID,,,,,key item or field tool,excluded,0
structural_exclusion,,ROCKETUNIFORM,,,,,key item or field tool,excluded,0
structural_exclusion,,RUBY,,,,,key item or field tool,excluded,0
structural_exclusion,,SAPPHIRE,,,,,key item or field tool,excluded,0
structural_exclusion,,SCUBAGEAR,,,,,versioned result ban,excluded,0
structural_exclusion,,SHINYCHARM,,,,,key item or field tool,excluded,0
structural_exclusion,,SILPHSCOPE,,,,,key item or field tool,excluded,0
structural_exclusion,,SILVEREMBLEM,,,,,key item or field tool,excluded,0
structural_exclusion,,SLEEPINGBAG,,,,,key item or field tool,excluded,0
structural_exclusion,,SNOWMAIL,,,,,versioned result ban,excluded,0
structural_exclusion,,SOOTSACK,,,,,key item or field tool,excluded,0
structural_exclusion,,SPACEMAIL,,,,,versioned result ban,excluded,0
structural_exclusion,,SPAWNER,,,,,key item or field tool,excluded,0
structural_exclusion,,SPRAYCAN,,,,,key item or field tool,excluded,0
structural_exclusion,,SPRAYDUCK,,,,,key item or field tool,excluded,0
structural_exclusion,,SQUIRTBOTTLE,,,,,key item or field tool,excluded,0
structural_exclusion,,SSTICKET,,,,,key item or field tool,excluded,0
structural_exclusion,,STEELMAIL,,,,,versioned result ban,excluded,0
structural_exclusion,,STRANGEPLANT,,,,,key item or field tool,excluded,0
structural_exclusion,,STRANGEPRISM,,,,,key item or field tool,excluded,0
structural_exclusion,,SUPERROD,,,,,key item or field tool,excluded,0
structural_exclusion,,SUPERSPLICERS,,,,,versioned result ban,excluded,0
structural_exclusion,,SURFBOARD,,,,,versioned result ban,excluded,0
structural_exclusion,,TELEPORTER,,,,,versioned result ban,excluded,0
structural_exclusion,,TOWNMAP,,,,,key item or field tool,excluded,0
structural_exclusion,,TUNNELMAIL,,,,,versioned result ban,excluded,0
structural_exclusion,,WAILMERPAIL,,,,,key item or field tool,excluded,0
structural_exclusion,,WHITEAPRICORN,,,,,versioned result ban,excluded,0
structural_exclusion,,WOODENPLANKS,,,,,key item or field tool,excluded,0
structural_exclusion,,YELLOWAPRICORN,,,,,versioned result ban,excluded,0
result_ban,3,DNASPLICERS,,,,,,banned,0
result_ban,3,SUPERSPLICERS,,,,,,banned,0
result_ban,3,DNAREVERSER,,,,,,banned,0
result_ban,3,DYNAMITE,,,,,,banned,0
result_ban,3,AIRMAIL,,,,,,banned,0
result_ban,3,BLOOMMAIL,,,,,,banned,0
result_ban,3,BRICKMAIL,,,,,,banned,0
result_ban,3,BUBBLEMAIL,,,,,,banned,0
result_ban,3,FLAMEMAIL,,,,,,banned,0
result_ban,3,GRASSMAIL,,,,,,banned,0
result_ban,3,HEARTMAIL,,,,,,banned,0
result_ban,3,MOSAICMAIL,,,,,,banned,0
result_ban,3,SNOWMAIL,,,,,,banned,0
result_ban,3,SPACEMAIL,,,,,,banned,0
result_ban,3,STEELMAIL,,,,,,banned,0
result_ban,3,TUNNELMAIL,,,,,,banned,0
result_ban,3,BLACKAPRICORN,,,,,,banned,0
result_ban,3,BLUEAPRICORN,,,,,,banned,0
result_ban,3,GREENAPRICORN,,,,,,banned,0
result_ban,3,PINKAPRICORN,,,,,,banned,0
result_ban,3,REDAPRICORN,,,,,,banned,0
result_ban,3,WHITEAPRICORN,,,,,,banned,0
result_ban,3,YELLOWAPRICORN,,,,,,banned,0
result_ban,3,EXPSHARE,,,,,,banned,0
result_ban,3,MACHETE,,,,,,banned,0
result_ban,3,TELEPORTER,,,,,,banned,0
result_ban,3,SURFBOARD,,,,,,banned,0
result_ban,3,LEVER,,,,,,banned,0
result_ban,3,JETPACK,,,,,,banned,0
result_ban,3,PICKAXE,,,,,,banned,0
result_ban,3,SCUBAGEAR,,,,,,banned,0
result_ban,3,LANTERN,,,,,,banned,0
result_ban,3,CLIMBINGGEAR,,,,,,banned,0
ground_slot,map:6|event:98,SUPERPOTION,true,,,,,,
standard_mart,map:6|event:73,,,<dynamic>,<existing balls/repels>,,stock is assembled at runtime,,
standard_mart,map:6|event:73,,,<dynamic>,<existing balls/repels>,,stock is assembled at runtime,,
standard_mart,map:6|event:64,,,PROTEIN|IRON|CARBOS|ZINC|CALCIUM|HPUP,,true,,,
ground_slot,map:7|event:36,RARECANDY,true,,,,,,
ground_slot,map:10|event:19,POTION,true,,,,,,
ground_slot,map:11|event:27,GUARDSPEC,true,,,,,,
ground_slot,map:11|event:25,PPUP,true,,,,,,
ground_slot,map:12|event:33,ANTIDOTE,true,,,,,,
ground_slot,map:12|event:30,DNASPLICERS,true,,,,,,
ground_slot,map:12|event:31,POTION,true,,,,,,
ground_slot,map:12|event:32,HEARTSCALE,true,,,,,,
ground_slot,map:13|event:97,PRESENT,true,,,,,,
ground_slot,map:13|event:98,PRESENT,true,,,,,,
ground_slot,map:18|event:24,PRESENT,true,,,,,,
ground_slot,map:20|event:33,PPUP,true,,,,,,
ground_slot,map:20|event:6,SUPERPOTION,true,,,,,,
ground_slot,map:20|event:29,PPUP,true,,,,,,
ground_slot,map:20|event:2,XACCURACY,true,,,,,,
tm_gift_slot,map:20|event:8,TM49,true,,,,,,
ground_slot,map:20|event:30,TM32,true,,,,,,
ground_slot,map:20|event:4,POKEBALL,true,,,,,,
ground_slot,map:27|event:17,PRESENT,true,,,,,,
ground_slot,map:28|event:3,POKEBALL,true,,,,,,
ground_slot,map:28|event:20,TINYMUSHROOM,true,,,,,,
ground_slot,map:28|event:4,MAXETHER,true,,,,,,
ground_slot,map:30|event:44,MIRACLESEED,true,,,,,,
ground_slot,map:30|event:34,PARLYZHEAL,true,,,,,,
ground_slot,map:30|event:40,TINYMUSHROOM,true,,,,,,
ground_slot,map:30|event:36,POTION,true,,,,,,
ground_slot,map:30|event:42,DNASPLICERS,true,,,,,,
ground_slot,map:30|event:31,DNASPLICERS,true,,,,,,
ground_slot,map:30|event:43,TINYMUSHROOM,true,,,,,,
ground_slot,map:31|event:16,SUPERPOTION,true,,,,,,
ground_slot,map:31|event:17,REPEL,true,,,,,,
ground_slot,map:31|event:12,XSPATK,true,,,,,,
ground_slot,map:31|event:34,NUGGET,true,,,,,,
ground_slot,map:31|event:45,AWAKENING,true,,,,,,
ground_slot,map:31|event:13,BLACKGLASSES,true,,,,,,
ground_slot,map:31|event:14,POTION,true,,,,,,
ground_slot,map:31|event:15,ETHER,true,,,,,,
ground_slot,map:31|event:43,WISEGLASSES,true,,,,,,
ground_slot,map:31|event:32,ANTIDOTE,true,,,,,,
ground_slot,map:32|event:5,ESCAPEROPE,true,,,,,,
ground_slot,map:34|event:66,POKEBALL,true,,,,,,
ground_slot,map:35|event:5,EVERSTONE,true,,,,,,
ground_slot,map:35|event:6,EVERSTONE,true,,,,,,
ground_slot,map:35|event:12,TM65,true,,,,,,
ground_slot,map:35|event:3,REPEL,true,,,,,,
ground_slot,map:35|event:4,RARECANDY,true,,,,,,
tm_gift_slot,map:36|event:3,TM118,true,,,,,,
ground_slot,map:38|event:33,STARPIECE,true,,,,,,
ground_slot,map:38|event:34,PEARL,true,,,,,,
ground_slot,map:38|event:35,HEARTSCALE,true,,,,,,
ground_slot,map:38|event:36,HEARTSCALE,true,,,,,,
ground_slot,map:38|event:64,PRESENT,true,,,,,,
ground_slot,map:38|event:37,HEARTSCALE,true,,,,,,
ground_slot,map:38|event:32,RARECANDY,true,,,,,,
ground_slot,map:39|event:47,ETHER,true,,,,,,
ground_slot,map:39|event:48,HEARTSCALE,true,,,,,,
ground_slot,map:39|event:49,PEARL,true,,,,,,
ground_slot,map:39|event:50,REVIVE,true,,,,,,
ground_slot,map:39|event:41,PPUP,true,,,,,,
ground_slot,map:39|event:42,SUPERPOTION,true,,,,,,
ground_slot,map:39|event:43,LEMONADE,true,,,,,,
ground_slot,map:39|event:53,MAXREVIVE,true,,,,,,
ground_slot,map:39|event:44,GREATBALL,true,,,,,,
ground_slot,map:39|event:45,HEARTSCALE,true,,,,,,
ground_slot,map:39|event:46,REVIVE,true,,,,,,
ground_slot,map:41|event:33,PPUP,true,,,,,,
ground_slot,map:41|event:6,SUPERPOTION,true,,,,,,
ground_slot,map:41|event:29,PPUP,true,,,,,,
ground_slot,map:41|event:2,XACCURACY,true,,,,,,
tm_gift_slot,map:41|event:8,TM49,true,,,,,,
ground_slot,map:41|event:30,TM32,true,,,,,,
ground_slot,map:41|event:4,POKEBALL,true,,,,,,
ground_slot,map:47|event:20,AWAKENING,true,,,,,,
ground_slot,map:47|event:50,DNASPLICERS,true,,,,,,
ground_slot,map:47|event:51,FUSIONREPEL,true,,,,,,
ground_slot,map:47|event:91,GREATBALL,true,,,,,,
ground_slot,map:47|event:54,STARDUST,true,,,,,,
tm_gift_slot,map:48|event:72,TM94,true,,,,,,
ground_slot,map:49|event:23,HEARTSCALE,true,,,,,,
ground_slot,map:49|event:25,STARDUST,true,,,,,,
ground_slot,map:49|event:26,DNASPLICERS,true,,,,,,
ground_slot,map:49|event:21,SUPERPOTION,true,,,,,,
ground_slot,map:58|event:5,PRESENT,true,,,,,,
ground_slot,map:61|event:12,PRESENT,true,,,,,,
ground_slot,map:62|event:5,LEAFSTONE,true,,,,,,
standard_mart,map:63|event:22,,,STABLEMULCH,,true,,,
ground_slot,map:65|event:5,COMETSHARD,true,,,,,,
ground_slot,map:65|event:16,GREATBALL,true,,,,,,
ground_slot,map:65|event:22,COMETSHARD,true,,,,,,
ground_slot,map:65|event:17,SUPERPOTION,true,,,,,,
ground_slot,map:65|event:18,IRON,true,,,,,,
ground_slot,map:65|event:13,SUPERPOTION,true,,,,,,
ground_slot,map:65|event:19,HEALPOWDER,true,,,,,,
ground_slot,map:65|event:14,ELIXIR,true,,,,,,
ground_slot,map:65|event:20,TM01,true,,,,,,
ground_slot,map:65|event:15,PPUP,true,,,,,,
ground_slot,map:65|event:21,COMETSHARD,true,,,,,,
tm_gift_slot,map:66|event:4,TM122,true,,,,,,
ground_slot,map:69|event:5,TM105,true,,,,,,
ground_slot,map:69|event:6,PRISMSCALE,true,,,,,,
ground_slot,map:71|event:29,MAXREVIVE,true,,,,,,
ground_slot,map:71|event:39,TM62,true,,,,,,
ground_slot,map:71|event:77,DNAREVERSERS,,,,,,,
ground_slot,map:71|event:12,SUPERPOTION,true,,,,,,
ground_slot,map:71|event:50,ELIXIR,true,,,,,,
ground_slot,map:71|event:70,DAWNSTONE,true,,,,,,
ground_slot,map:71|event:51,REVIVE,true,,,,,,
ground_slot,map:71|event:52,GREATBALL,true,,,,,,
ground_slot,map:71|event:53,RARECANDY,true,,,,,,
tm_gift_slot,map:71|event:25,TM40,true,,,,,,
tm_gift_slot,map:71|event:25,TM40,true,,,,,,
ground_slot,map:71|event:54,FULLHEAL,true,,,,,,
ground_slot,map:71|event:7,TM12,true,,,,,,
ground_slot,map:71|event:55,DNAREVERSER,true,,,,,,
ground_slot,map:71|event:8,THUNDERSTONE,true,,,,,,
ground_slot,map:71|event:56,DIREHIT,true,,,,,,
ground_slot,map:73|event:20,REVIVE,true,,,,,,
ground_slot,map:73|event:68,TM48,true,,,,,,
ground_slot,map:73|event:34,XSPEED,true,,,,,,
ground_slot,map:74|event:6,REPEL,true,,,,,,
ground_slot,map:74|event:7,GREATBALL,true,,,,,,
ground_slot,map:74|event:8,REVIVE,true,,,,,,
ground_slot,map:75|event:95,FULLHEAL,true,,,,,,
tm_gift_slot,map:75|event:79,HM06,true,,,,,,
standard_mart,map:75|event:8,,,POKEBALL|GREATBALL|ULTRABALL|PREMIERBALL|SAFARIBALL|SPORTBALL|ROCKETBALL,POKEBALL|GREATBALL|ULTRABALL|PREMIERBALL|SAFARIBALL|SPORTBALL|ROCKETBALL,false,,,
ground_slot,map:76|event:5,HEARTSCALE,true,,,,,,
ground_slot,map:76|event:6,IRON,true,,,,,,
ground_slot,map:76|event:7,HYPERPOTION,true,,,,,,
ground_slot,map:76|event:8,THUNDERSTONE,true,,,,,,
ground_slot,map:77|event:35,PPMAX,true,,,,,,
ground_slot,map:77|event:3,ELIXIR,true,,,,,,
ground_slot,map:77|event:4,HPUP,true,,,,,,
ground_slot,map:78|event:15,PRESENT,true,,,,,,
tm_gift_slot,map:78|event:10,TM39,true,,,,,,
ground_slot,map:79|event:18,PRESENT,true,,,,,,
tm_gift_slot,map:79|event:10,TM08,true,,,,,,
ground_slot,map:83|event:18,TM54,true,,,,,,
ground_slot,map:84|event:20,PRESENT,true,,,,,,
ground_slot,map:88|event:29,ETHER,true,,,,,,
ground_slot,map:90|event:23,PRESENT,true,,,,,,
ground_slot,map:94|event:17,PRESENT,true,,,,,,
ground_slot,map:97|event:49,TM95,true,,,,,,
ground_slot,map:97|event:60,DNAREVERSERS,,,,,,,
ground_slot,map:97|event:50,SMOKEBALL,true,,,,,,
ground_slot,map:97|event:25,TM97,true,,,,,,
ground_slot,map:99|event:8,MACHETE,true,,,,,,
ground_slot,map:99|event:8,LANTERN,true,,,,,,
ground_slot,map:101|event:7,PRESENT,true,,,,,,
ground_slot,map:102|event:34,PRESENT,true,,,,,,
tm_gift_slot,map:102|event:31,TM116,true,,,,,,
ground_slot,map:106|event:4,TM123,true,,,,,,
ground_slot,map:107|event:16,LAVACOOKIE,true,,,,,,
ground_slot,map:107|event:17,RARECANDY,true,,,,,,
ground_slot,map:107|event:15,LAVACOOKIE,true,,,,,,
ground_slot,map:108|event:22,LAVACOOKIE,true,,,,,,
ground_slot,map:108|event:23,LAVACOOKIE,true,,,,,,
ground_slot,map:108|event:24,RARECANDY,true,,,,,,
ground_slot,map:108|event:25,ESCAPEROPE,true,,,,,,
ground_slot,map:109|event:22,MAXREVIVE,true,,,,,,
ground_slot,map:111|event:22,MAXREVIVE,true,,,,,,
special_ground_slot,special:starter_rescue_reward,POTION,true,,,,Ironmon-owned scripted reward,,
