id,name,pocket,price,machine,tm,hm,tr,key_item,berry,ordinary_pool,tm_pool,held_pool,invalid,random_exception,non_randomize
ABILITYBALL,Ability Ball,3,600,false,false,false,false,false,false,true,false,false,false,false,false
ABILITYCAPSULE,Ability Capsule,1,9500,false,false,false,false,false,false,true,false,false,false,false,false
ABILITYURGE,Ability Urge,7,0,false,false,false,false,false,false,true,false,false,false,false,false
ABSORBBULB,Absorb Bulb,1,4000,false,false,false,false,false,false,true,false,true,false,false,false
ACCURACYUP,unknown_item,2,2,false,false,false,false,false,false,false,false,false,true,false,false
ACROBIKE,Acro Bike,8,0,false,false,false,false,true,false,false,false,false,false,false,false
ADAMANTORB,Adamant Orb,1,10000,false,false,false,false,false,false,true,false,false,false,false,false
ADRENALINEORB,Adrenaline Orb,1,300,false,false,false,false,false,false,true,false,false,false,false,false
AGUAVBERRY,Aguav Berry,5,20,false,false,false,false,false,true,true,false,true,false,false,false
AIRBALLOON,Air Balloon,1,4000,false,false,false,false,false,false,true,false,true,false,false,false
AIRMAIL,Air Mail,6,50,false,false,false,false,false,false,true,false,false,false,false,false
AMULETCOIN,Amulet Coin,1,10000,false,false,false,false,false,false,true,false,false,false,false,false
ANCIENTSTONE,unknown_item,1,1,false,false,false,false,false,false,false,false,false,true,false,false
ANTIDOTE,Antidote,2,200,false,false,false,false,false,false,true,false,false,false,false,false
APICOTBERRY,Apicot Berry,5,20,false,false,false,false,false,true,true,false,true,false,false,false
AQUAUNIFORM,Team Aqua Uniform,8,0,false,false,false,false,true,false,false,false,false,false,false,false
ARMORFOSSIL,Armor Fossil,1,7000,false,false,false,false,false,false,true,false,false,false,false,false
ASPEARBERRY,Aspear Berry,5,20,false,false,false,false,false,true,true,false,true,false,false,false
ASSAULTVEST,Assault Vest,1,1000,false,false,false,false,false,false,true,false,false,false,false,false
AURORATICKET,Navel Ticket,8,0,false,false,false,false,true,false,false,false,false,false,false,false
AWAKENING,Awakening,2,100,false,false,false,false,false,false,true,false,false,false,false,false
AZUREFLUTE,Azure Flute,8,0,false,false,false,false,true,false,false,false,false,false,false,false
BABIRIBERRY,Babiri Berry,5,20,false,false,false,false,false,true,true,false,true,false,false,false
BALMMUSHROOM,Balm Mushroom,1,5000,false,false,false,false,false,false,true,false,false,false,false,false
BANANA,Banana,2,100,false,false,false,false,false,false,true,false,false,false,false,false
BANDLOGO,MMMMemorabilia,8,0,false,false,false,false,true,false,false,false,false,false,false,false
BEDROOMKEY,Bedroom Key,8,0,false,false,false,false,true,false,false,false,false,false,false,false
BEER,Beer,7,0,false,false,false,false,false,false,true,false,false,false,false,false
BELLSPROUTSTATUE,Bellsprout Statues,1,1000,false,false,false,false,false,false,true,false,false,false,false,false
BELUEBERRY,Belue Berry,5,20,false,false,false,false,false,true,true,false,false,false,false,false
BERRYJUICE,Berry Juice,2,100,false,false,false,false,false,false,true,false,false,false,false,false
BERSERKGENE,Berserk Gene,8,0,false,false,false,false,true,false,false,false,false,false,false,false
BICYCLE,Bicycle,8,0,false,false,false,false,true,false,false,false,false,false,false,false
BIGMUSHROOM,Big Mushroom,1,1000,false,false,false,false,false,false,true,false,false,false,false,false
BIGNUGGET,Big Nugget,1,20000,false,false,false,false,false,false,true,false,false,false,false,false
BIGPEARL,Big Pearl,1,7500,false,false,false,false,false,false,true,false,false,false,false,false
BIGROOT,Big Root,1,4000,false,false,false,false,false,false,true,false,true,false,false,false
BINDINGBAND,Binding Band,1,4000,false,false,false,false,false,false,true,false,true,false,false,false
BLACKAPRICORN,Black Apricorn,1,20,false,false,false,false,false,false,true,false,false,false,false,false
BLACKBELT,Black Belt,1,1000,false,false,false,false,false,false,true,false,true,false,false,false
BLACKFLUTE,Black Flute,1,400,false,false,false,false,false,false,true,false,false,false,false,false
BLACKGLASSES,Black Glasses,1,1000,false,false,false,false,false,false,true,false,true,false,false,false
BLACKSLUDGE,Black Sludge,1,4000,false,false,false,false,false,false,true,false,true,false,false,false
BLOOMMAIL,Bloom Mail,6,50,false,false,false,false,false,false,true,false,false,false,false,false
BLUEAPRICORN,Blue Apricorn,1,20,false,false,false,false,false,false,true,false,false,false,false,false
BLUEFLUTE,Blue Flute,7,100,false,false,false,false,false,false,true,false,false,false,false,false
BLUENECTAR,Blue Nectar,2,400,false,false,false,false,false,false,true,false,false,false,false,false
BLUESCARF,Blue Scarf,1,100,false,false,false,false,false,false,true,false,false,false,false,false
BLUESHARD,Blue Shard,1,200,false,false,false,false,false,false,true,false,false,false,false,false
BLUKBERRY,Bluk Berry,5,20,false,false,false,false,false,true,true,false,false,false,false,false
BOXLINK,Box Link,8,0,false,false,false,false,true,false,false,false,false,false,false,false
BRICKMAIL,Brick Mail,6,50,false,false,false,false,false,false,true,false,false,false,false,false
BRICKS,Bricks,8,0,false,false,false,false,true,false,false,false,false,false,false,false
BRIGHTPOWDER,Bright Powder,1,4000,false,false,false,false,false,false,true,false,true,false,false,false
BRONZEEMBLEM,Bronze emblem,8,0,false,false,false,false,true,false,false,false,false,false,false,false
BUBBLEMAIL,Bubble Mail,6,50,false,false,false,false,false,false,true,false,false,false,false,false
BUGGEM,Bug Gem,1,200,false,false,false,false,false,false,true,false,true,false,false,false
BURNDRIVE,Burn Drive,1,1000,false,false,false,false,false,false,true,false,false,false,false,false
BURNHEAL,Burn Heal,2,300,false,false,false,false,false,false,true,false,false,false,false,false
CALCIUM,Calcium,2,10000,false,false,false,false,false,false,true,false,false,false,false,false
CANDYBALL,Candy Ball,3,4000,false,false,false,false,false,false,true,false,false,false,false,false
CAPTAINSKEY,Captain's Key,8,0,false,false,false,false,true,false,false,false,false,false,false,false
CARBOS,Carbos,2,10000,false,false,false,false,false,false,true,false,false,false,false,false
CARDKEY,Card Key,8,0,false,false,false,false,true,false,false,false,false,false,false,false
CASTELIACONE,Casteliacone,2,350,false,false,false,false,false,false,true,false,false,false,false,false
CELLBATTERY,Cell Battery,1,4000,false,false,false,false,false,false,true,false,true,false,false,true
CHARCOAL,Charcoal,1,1000,false,false,false,false,false,false,true,false,true,false,false,false
CHARTIBERRY,Charti Berry,5,20,false,false,false,false,false,true,true,false,true,false,false,false
CHERIBERRY,Cheri Berry,5,20,false,false,false,false,false,true,true,false,true,false,false,false
CHERISHBALL,Cherish Ball,3,10000,false,false,false,false,false,false,true,false,false,false,false,false
CHESTOBERRY,Chesto Berry,5,20,false,false,false,false,false,true,true,false,true,false,false,false
CHILANBERRY,Chilan Berry,5,20,false,false,false,false,false,true,true,false,true,false,false,false
CHILLDRIVE,Chill Drive,1,1000,false,false,false,false,false,false,true,false,false,false,false,false
CHOICEBAND,Choice Band,1,4000,false,false,false,false,false,false,true,false,true,false,false,false
CHOICESCARF,Choice Scarf,1,4000,false,false,false,false,false,false,true,false,true,false,false,false
CHOICESPECS,Choice Specs,1,4000,false,false,false,false,false,false,true,false,true,false,false,false
CHOPLEBERRY,Chople Berry,5,20,false,false,false,false,false,true,true,false,true,false,false,false
CLAWFOSSIL,Claw Fossil,1,7000,false,false,false,false,false,false,true,false,false,false,false,false
CLEANSETAG,Cleanse Tag,1,5000,false,false,false,false,false,false,true,false,false,false,false,false
CLEVERWING,Clever Wing,2,300,false,false,false,false,false,false,true,false,false,false,false,false
CLIMBINGGEAR,Climbing Gear,8,0,false,false,false,false,true,false,false,false,false,false,false,false
CLOTHESDYEKIT,Clothing Dye Kit,8,0,false,false,false,false,true,false,false,false,false,false,false,false
COBABERRY,Coba Berry,5,20,false,false,false,false,false,true,true,false,true,false,false,false
COFFEE,Coffee,2,700,false,false,false,false,false,false,true,false,false,false,false,false
COINCASE,Coin Case,8,0,false,false,false,false,true,false,false,false,false,false,false,false
COLBURBERRY,Colbur Berry,5,20,false,false,false,false,false,true,true,false,true,false,false,false
COMETSHARD,Comet Shard,1,12000,false,false,false,false,false,false,true,false,false,false,false,false
CORNNBERRY,Cornn Berry,5,20,false,false,false,false,false,true,true,false,false,false,false,false
CORRUPTEDFEATHER,Corrupted Feather,8,0,false,false,false,false,true,false,false,false,false,false,false,false
COVERFOSSIL,unknown_item,1,1000,false,false,false,false,false,false,false,false,false,true,false,false
CUSTAPBERRY,Custap Berry,5,20,false,false,false,false,false,true,true,false,true,false,false,false
DAMAGEUP,unknown_item,2,2,false,false,false,false,false,false,false,false,false,true,false,false
DAMPMULCH,Damp Mulch,1,200,false,false,false,false,false,false,true,false,false,false,false,false
DAMPROCK,Damp Rock,1,4000,false,false,false,false,false,false,true,false,true,false,false,false
DARKGEM,Dark Gem,1,200,false,false,false,false,false,false,true,false,true,false,false,false
DARKSTONE,Dark Stone,8,0,false,false,false,false,true,false,false,false,false,false,false,false
DAWNSTONE,Dawn Stone,1,5000,false,false,false,false,false,false,true,false,false,false,false,false
DEBUGCANDY,Unknown item,2,0,false,false,false,false,false,false,false,false,false,true,false,false
DEBUGGER,Debugger,8,0,false,false,false,false,true,false,false,false,false,false,false,false
DEEPSEASCALE,Deep Sea Scale,1,2000,false,false,false,false,false,false,true,false,false,false,false,false
DEEPSEATOOTH,Deep Sea Tooth,1,2000,false,false,false,false,false,false,true,false,false,false,false,false
DEMHARDMODE,Dem's Badge,8,0,false,false,false,false,true,false,false,false,false,false,false,false
DESTINYKNOT,Destiny Knot,1,4000,false,false,false,false,false,false,true,false,true,false,false,false
DEVOLUTIONSPRAY,Devolution Spray,1,2100,false,false,false,false,false,false,false,false,false,true,false,false
DEVONPARTS,Devon Parts,8,0,false,false,false,false,true,false,false,false,false,false,false,false
DEVONSCOPE,Quest Journal,8,0,false,false,false,false,true,false,false,false,false,false,false,false
DIAMOND,Diamond,1,20000,false,false,false,false,false,false,true,false,false,false,false,false
DIAMONDNECKLACE,Diamond Necklace,1,10000,false,false,false,false,false,false,true,false,false,false,false,false
DIREHIT,Dire Hit,7,1000,false,false,false,false,false,false,true,false,false,false,false,false
DIREHIT2,Super Dire Hit,7,0,false,false,false,false,false,false,true,false,false,false,false,false
DIREHIT3,Hyper Dire Hit,7,0,false,false,false,false,false,false,true,false,false,false,false,false
DIVEBALL,Dive Ball,3,1000,false,false,false,false,false,false,true,false,false,false,false,false
DNAREVERSER,DNA Reverser,1,300,false,false,false,false,false,false,true,false,false,false,false,false
DNASPLICERS,DNA Splicers,1,300,false,false,false,false,false,false,false,false,false,false,true,false
DOMEFOSSIL,Dome Fossil,1,7000,false,false,false,false,false,false,true,false,false,false,false,false
DOUSEDRIVE,Douse Drive,1,1000,false,false,false,false,false,false,true,false,false,false,false,false
DOWSINGMACHINE,Dowsing Machine,8,0,false,false,false,false,true,false,false,false,false,false,false,false
DRACOPLATE,Draco Plate,1,1000,false,false,false,false,false,false,true,false,false,false,false,false
DRAGONFANG,Dragon Fang,1,1000,false,false,false,false,false,false,true,false,true,false,false,false
DRAGONGEM,Dragon Gem,1,200,false,false,false,false,false,false,true,false,true,false,false,false
DRAGONSCALE,Dragon Scale,1,2000,false,false,false,false,false,false,true,false,false,false,false,false
DREADPLATE,Dread Plate,1,1000,false,false,false,false,false,false,true,false,false,false,false,false
DREAMBALL,Dream Ball,3,4000,false,false,false,false,false,false,true,false,false,false,false,false
DREAMMIRROR,Dream Mirror,8,0,false,false,false,false,true,false,false,false,false,false,false,false
DUBIOUSDISC,Dubious Disc,1,2000,false,false,false,false,false,false,true,false,false,false,false,false
DURINBERRY,Durin Berry,5,20,false,false,false,false,false,true,true,false,false,false,false,false
DUSKBALL,Dusk Ball,3,1000,false,false,false,false,false,false,true,false,false,false,false,false
DUSKSTONE,Dusk Stone,1,5000,false,false,false,false,false,false,true,false,false,false,false,false
DYNAMITE,Dynamite,1,100,false,false,false,false,false,false,false,false,false,false,true,true
EARTHPLATE,Earth Plate,1,1000,false,false,false,false,false,false,true,false,false,false,false,false
EJECTBUTTON,Eject Button,1,4000,false,false,false,false,false,false,true,false,true,false,false,false
ELECTIRIZER,Electirizer,1,2000,false,false,false,false,false,false,true,false,false,false,false,false
ELECTRICGEM,Electric Gem,1,200,false,false,false,false,false,false,true,false,true,false,false,false
ELECTRICSEED,Electric Seed,1,500,false,false,false,false,false,false,true,false,false,false,false,false
ELIXIR,Elixir,2,3000,false,false,false,false,false,false,true,false,false,false,false,false
EMERALD,Emerald,8,0,false,false,false,false,true,false,false,false,false,false,false,false
EMERGENCYWHISTLE,Emergency Whistle,8,0,false,false,false,false,true,false,false,false,false,false,false,false
ENERGYPOWDER,Energy Powder,2,500,false,false,false,false,false,false,true,false,false,false,false,false
ENERGYROOT,Energy Root,2,1200,false,false,false,false,false,false,true,false,false,false,false,false
ENIGMABERRY,Enigma Berry,5,20,false,false,false,false,false,true,true,false,true,false,false,false
ESCAPEROPE,Escape Rope,1,500,false,false,false,false,false,false,true,false,false,false,false,false
ETHER,Ether,2,1200,false,false,false,false,false,false,true,false,false,false,false,false
EVERSTONE,Everstone,1,300,false,false,false,false,false,false,true,false,false,false,false,false
EVIOLITE,Eviolite,1,4000,false,false,false,false,false,false,true,false,true,false,false,false
EXPALL,Exp. All,8,0,false,false,false,false,true,false,false,false,false,false,false,false
EXPALLOFF,Exp. All,8,0,false,false,false,false,true,false,false,false,false,false,false,false
EXPCANDY,Exp. Candy,2,1000,false,false,false,false,false,false,true,false,false,false,false,false
EXPERTBELT,Expert Belt,1,4000,false,false,false,false,false,false,true,false,true,false,false,false
EXPSHARE,Exp. Share,1,3000,false,false,false,false,false,false,true,false,false,false,false,false
FAIRYGEM,Fairy Gem,1,200,false,false,false,false,false,false,true,false,true,false,false,false
FANCYMEAL,Fancy Meal,2,1200,false,false,false,false,false,false,true,false,false,false,false,false
FASTBALL,Fast Ball,3,300,false,false,false,false,false,false,true,false,false,false,false,false
FAVORITEOUTFIT,Favorite Outfit,8,0,false,false,false,false,true,false,false,false,false,false,false,false
FIELDSLEEPINGBAG,Field Sleeping Bag,8,0,false,false,false,false,true,false,false,false,false,false,false,false
FIGHTINGGEM,Fighting Gem,1,200,false,false,false,false,false,false,true,false,true,false,false,false
FIGYBERRY,Figy Berry,5,20,false,false,false,false,false,true,true,false,true,false,false,false
FIRECRACKER,Firecracker,3,100,false,false,false,false,false,false,true,false,false,false,false,false
FIREGEM,Fire Gem,1,200,false,false,false,false,false,false,true,false,true,false,false,false
FIRESTONE,Fire Stone,1,5000,false,false,false,false,false,false,true,false,false,false,false,false
FISTPLATE,Fist Plate,1,1000,false,false,false,false,false,false,true,false,false,false,false,false
FLAMEMAIL,Flame Mail,6,50,false,false,false,false,false,false,true,false,false,false,false,false
FLAMEORB,Flame Orb,1,4000,false,false,false,false,false,false,true,false,true,false,false,false
FLAMEPLATE,Flame Plate,1,1000,false,false,false,false,false,false,true,false,false,false,false,false
FLOATSTONE,Float Stone,1,4000,false,false,false,false,false,false,true,false,true,false,false,false
FLUFFYTAIL,Fluffy Tail,7,100,false,false,false,false,false,false,true,false,false,false,false,false
FLYINGGEM,Flying Gem,1,200,false,false,false,false,false,false,true,false,true,false,false,false
FOCUSBAND,Focus Band,1,4000,false,false,false,false,false,false,true,false,true,false,false,false
FOCUSSASH,Focus Sash,1,4000,false,false,false,false,false,false,true,false,true,false,false,false
FRESHWATER,Fresh Water,2,200,false,false,false,false,false,false,true,false,false,false,false,false
FRIENDBALL,Friend Ball,3,300,false,false,false,false,false,false,true,false,false,false,false,false
FROSTBALL,Frost Ball,3,4000,false,false,false,false,false,false,true,false,false,false,false,false
FULLHEAL,Full Heal,2,400,false,false,false,false,false,false,true,false,false,false,false,false
FULLINCENSE,Full Incense,1,5000,false,false,false,false,false,false,true,false,true,false,false,false
FULLRESTORE,Full Restore,2,3000,false,false,false,false,false,false,true,false,false,false,false,false
FUSIONBALL,Fusion Ball,3,400,false,false,false,false,false,false,true,false,false,false,false,false
FUSIONREPEL,Fusion Incense,1,700,false,false,false,false,false,false,true,false,false,false,false,false
GANLONBERRY,Ganlon Berry,5,20,false,false,false,false,false,true,true,false,true,false,false,false
GASMASK,Gas Mask,8,0,false,false,false,false,true,false,false,false,false,false,false,false
GENDERBALL,Gender Ball,3,400,false,false,false,false,false,false,true,false,false,false,false,false
GENIUSWING,Genius Wing,2,300,false,false,false,false,false,false,true,false,false,false,false,false
GHOSTGEM,Ghost Gem,1,200,false,false,false,false,false,false,true,false,true,false,false,false
GOLDEMBLEM,Gold emblem,8,0,false,false,false,false,true,false,false,false,false,false,false,false
GOLDENBANANA,Golden Banana,2,128,false,false,false,false,false,false,true,false,false,false,false,false
GOLDRING,Gold Ring,1,20000,false,false,false,false,false,false,true,false,false,false,false,false
GOODROD,Good Rod,8,0,false,false,false,false,true,false,false,false,false,false,false,false
GOOEYMULCH,Gooey Mulch,1,200,false,false,false,false,false,false,true,false,false,false,false,false
GRACIDEA,Spaceship Part,8,0,false,false,false,false,true,false,false,false,false,false,false,false
GRASSGEM,Grass Gem,1,200,false,false,false,false,false,false,true,false,true,false,false,false
GRASSMAIL,Grass Mail,6,50,false,false,false,false,false,false,true,false,false,false,false,false
GRASSYSEED,Grassy Seed,1,500,false,false,false,false,false,false,true,false,false,false,false,false
GREATBALL,Great Ball,3,600,false,false,false,false,false,false,true,false,false,false,false,false
GREENAPRICORN,Green Apricorn,1,20,false,false,false,false,false,false,true,false,false,false,false,false
GREENSCARF,Green Scarf,1,100,false,false,false,false,false,false,true,false,false,false,false,false
GREENSHARD,Green Shard,1,200,false,false,false,false,false,false,true,false,false,false,false,false
GREPABERRY,Grepa Berry,5,20,false,false,false,false,false,true,true,false,false,false,false,false
GRIPCLAW,Grip Claw,1,4000,false,false,false,false,false,false,true,false,true,false,false,false
GRISEOUSORB,Griseous Orb,1,10000,false,false,false,false,false,false,true,false,false,false,false,false
GROUNDGEM,Ground Gem,1,200,false,false,false,false,false,false,true,false,true,false,false,false
GROWTHMULCH,Growth Mulch,1,200,false,false,false,false,false,false,true,false,false,false,false,false
GSBALL,GS Ball,8,0,false,false,false,false,true,false,false,false,false,false,false,false
GUARDSPEC,Guard Spec.,7,1500,false,false,false,false,false,false,true,false,false,false,false,false
HABANBERRY,Haban Berry,5,20,false,false,false,false,false,true,true,false,true,false,false,false
HARDSTONE,Hard Stone,1,1000,false,false,false,false,false,false,true,false,true,false,false,false
HATSDYEKIT,Hat Dye Kit,8,0,false,false,false,false,true,false,false,false,false,false,false,false
HEALBALL,Heal Ball,3,300,false,false,false,false,false,false,true,false,false,false,false,false
HEALPOWDER,Heal Powder,2,300,false,false,false,false,false,false,true,false,false,false,false,false
HEALTHWING,Health Wing,2,300,false,false,false,false,false,false,true,false,false,false,false,false
HEARTMAIL,Heart Mail,6,50,false,false,false,false,false,false,true,false,false,false,false,false
HEARTSCALE,Heart Scale,1,100,false,false,false,false,false,false,true,false,false,false,false,false
HEATROCK,Heat Rock,1,4000,false,false,false,false,false,false,true,false,true,false,false,false
HEAVYBALL,Heavy Ball,3,300,false,false,false,false,false,false,true,false,false,false,false,false
HELIXFOSSIL,Helix Fossil,1,7000,false,false,false,false,false,false,true,false,false,false,false,false
HM01,HM01,4,0,true,false,true,false,false,false,false,false,false,false,false,false
HM02,HM02,4,0,true,false,true,false,false,false,false,false,false,false,false,false
HM03,HM03,4,0,true,false,true,false,false,false,false,false,false,false,false,false
HM04,HM04,4,0,true,false,true,false,false,false,false,false,false,false,false,false
HM05,HM05,4,0,true,false,true,false,false,false,false,false,false,false,false,false
HM06,HM06,4,30000,true,true,false,false,false,false,false,true,false,false,false,false
HM07,HM07,4,0,true,false,true,false,false,false,false,false,false,false,false,false
HM08,HM08,4,0,true,false,true,false,false,false,false,false,false,false,false,false
HM09,HM09,4,0,true,false,true,false,false,false,false,false,false,false,false,false
HM10,HM10,4,0,true,false,true,false,false,false,false,false,false,false,false,false
HM11,HM11,4,0,true,false,true,false,false,false,false,false,false,false,false,false
HONDEWBERRY,Hondew Berry,5,20,false,false,false,false,false,true,true,false,false,false,false,false
HONEY,Honey,1,100,false,false,false,false,false,false,true,false,false,false,false,false
HPUP,HP Up,2,10000,false,false,false,false,false,false,true,false,false,false,false,false
HYPERPOTION,Hyper Potion,2,1500,false,false,false,false,false,false,true,false,false,false,false,false
IAPAPABERRY,Iapapa Berry,5,20,false,false,false,false,false,true,true,false,true,false,false,false
ICEGEM,Ice Gem,1,200,false,false,false,false,false,false,true,false,true,false,false,false
ICEHEAL,Ice Heal,2,100,false,false,false,false,false,false,true,false,false,false,false,false
ICEPICK,Ice Pick,8,0,false,false,false,false,true,false,false,false,false,false,false,false
ICESTONE,Ice Stone,1,5000,false,false,false,false,false,false,true,false,false,false,false,false
ICICLEPLATE,Icicle Plate,1,1000,false,false,false,false,false,false,true,false,false,false,false,false
ICYROCK,Icy Rock,1,4000,false,false,false,false,false,false,true,false,true,false,false,false
INCUBATOR,Super Incubator,1,12000,false,false,false,false,false,false,true,false,false,false,false,false
INCUBATOR_NORMAL,Incubator,1,2500,false,false,false,false,false,false,true,false,false,false,false,false
INFINITEREVERSERS,Infinite Reversers,8,0,false,false,false,false,true,false,false,false,false,false,false,false
INFINITESPLICERS,Infinite Splicers,8,0,false,false,false,false,true,false,false,false,false,false,false,false
INFINITESPLICERS2,Infinite Splicers,8,0,false,false,false,false,true,false,false,false,false,false,false,false
INSECTPLATE,Insect Plate,1,1000,false,false,false,false,false,false,true,false,false,false,false,false
INVISIBALL,Invisiball,3,200,false,false,false,false,false,false,false,false,false,true,false,false
IRON,Iron,2,10000,false,false,false,false,false,false,true,false,false,false,false,false
IRONBALL,Iron Ball,1,4000,false,false,false,false,false,false,true,false,true,false,false,false
IRONPLATE,Iron Plate,1,1000,false,false,false,false,false,false,true,false,false,false,false,false
ITEMDROP,Item Drop,7,0,false,false,false,false,false,false,true,false,false,false,false,false
ITEMFINDER,Itemfinder,8,0,false,false,false,false,true,false,false,false,false,false,false,false
ITEMURGE,Item Urge,7,0,false,false,false,false,false,false,true,false,false,false,false,false
JABOCABERRY,Jaboca Berry,5,20,false,false,false,false,false,true,true,false,true,false,false,false
JAWFOSSIL,Jaw Fossil,1,7000,false,false,false,false,false,false,true,false,false,false,false,false
JETPACK,Jetpack,8,0,false,false,false,false,true,false,false,false,false,false,false,false
KASIBBERRY,Kasib Berry,5,20,false,false,false,false,false,true,true,false,true,false,false,false
KEBIABERRY,Kebia Berry,5,20,false,false,false,false,false,true,true,false,true,false,false,false
KELPSYBERRY,Kelpsy Berry,5,20,false,false,false,false,false,true,true,false,false,false,false,false
KINGSROCK,King's Rock,1,5000,false,false,false,false,false,false,true,false,true,false,false,false
KRABBYLEGS,Krabby Legs,8,0,false,false,false,false,true,false,false,false,false,false,false,false
LAGGINGTAIL,Lagging Tail,1,4000,false,false,false,false,false,false,true,false,true,false,false,false
LANSATBERRY,Lansat Berry,5,20,false,false,false,false,false,true,true,false,true,false,false,false
LANTERN,Lantern,8,0,false,false,false,false,true,false,false,false,false,false,false,false
LAVACOOKIE,Lava Cookie,2,350,false,false,false,false,false,false,true,false,false,false,false,false
LAXINCENSE,Lax Incense,1,5000,false,false,false,false,false,false,true,false,true,false,false,false
LEAFSTONE,Leaf Stone,1,5000,false,false,false,false,false,false,true,false,false,false,false,false
LEFTOVERS,Leftovers,1,4000,false,false,false,false,false,false,true,false,true,false,false,false
LEMONADE,Lemonade,2,350,false,false,false,false,false,false,true,false,false,false,false,false
LEPPABERRY,Leppa Berry,5,20,false,false,false,false,false,true,true,false,true,false,false,false
LETTER,Letter,8,0,false,false,false,false,true,false,false,false,false,false,false,false
LEVELBALL,Level Ball,3,300,false,false,false,false,false,false,true,false,false,false,false,false
LEVER,Dolly,8,0,false,false,false,false,true,false,false,false,false,false,false,false
LIECHIBERRY,Liechi Berry,5,20,false,false,false,false,false,true,true,false,true,false,false,false
LIFEORB,Life Orb,1,4000,false,false,false,false,false,false,true,false,true,false,false,false
LIFTKEY,Lift Key,8,0,false,false,false,false,true,false,false,false,false,false,false,false
LIGHTBALL,Light Ball,1,1000,false,false,false,false,false,false,true,false,false,false,false,false
LIGHTCLAY,Light Clay,1,4000,false,false,false,false,false,false,true,false,true,false,false,false
LIGHTSTONE,Light Stone,8,0,false,false,false,false,true,false,false,false,false,false,false,false
LINKINGCORD,Linking Cord,1,6000,false,false,false,false,false,false,true,false,false,false,false,false
LOVEBALL,Love Ball,3,300,false,false,false,false,false,false,true,false,false,false,false,false
LOVELETTER,Love Letter,8,0,false,false,false,false,true,false,false,false,false,false,false,false
LUCKINCENSE,Luck Incense,1,11000,false,false,false,false,false,false,true,false,true,false,false,false
LUCKYEGG,Lucky Egg,1,10000,false,false,false,false,false,false,true,false,false,false,false,false
LUCKYPUNCH,Lucky Punch,1,1000,false,false,false,false,false,false,true,false,false,false,false,false
LUMBERRY,Lum Berry,5,20,false,false,false,false,false,true,true,false,true,false,false,false
LUMINOUSMOSS,Luminous Moss,1,500,false,false,false,false,false,false,true,false,false,false,false,false
LUNARFEATHER,Lunar Feather,8,0,false,false,false,false,true,false,false,false,false,false,false,false
LUREBALL,Lure Ball,3,300,false,false,false,false,false,false,true,false,false,false,false,false
LUSTROUSORB,Lustrous Orb,1,10000,false,false,false,false,false,false,true,false,false,false,false,false
LUXURYBALL,Luxury Ball,3,1000,false,false,false,false,false,false,true,false,false,false,false,false
MACHBIKE,Mach Bike,8,0,false,false,false,false,true,false,false,false,false,false,false,false
MACHETE,Shears,8,0,false,false,false,false,true,false,false,false,false,false,false,false
MACHOBRACE,Macho Brace,1,3000,false,false,false,false,false,false,true,false,true,false,false,false
MAGICBOOTS,Magic Boots,8,0,false,false,false,false,true,false,false,false,false,false,false,false
MAGMARIZER,Magmarizer,1,2000,false,false,false,false,false,false,true,false,false,false,false,false
MAGMAUNIFORM,Magma Uniform,8,0,false,false,false,false,true,false,false,false,false,false,false,false
MAGNET,Magnet,1,1000,false,false,false,false,false,false,true,false,true,false,false,false
MAGNETPASS,Train Pass,8,0,false,false,false,false,true,false,false,false,false,false,false,false
MAGNETSTONE,Magnet Stone,1,2100,false,false,false,false,false,false,true,false,false,false,false,true
MAGOBERRY,Mago Berry,5,20,false,false,false,false,false,true,true,false,true,false,false,false
MAGOSTBERRY,Magost Berry,5,20,false,false,false,false,false,true,true,false,false,false,false,false
MANKEYPAW,Mankey Paw,1,19600,false,false,false,false,false,false,true,false,false,false,false,false
MANSIONKEY,Seagallop Pass,8,0,false,false,false,false,true,false,false,false,false,false,false,false
MASTERBALL,Master Ball,3,0,false,false,false,false,false,false,true,false,false,false,false,false
MASTERBALLPROTO,Master Ball,8,0,false,false,false,false,true,false,false,false,false,false,false,false
MAXELIXIR,Max Elixir,2,4500,false,false,false,false,false,false,true,false,false,false,false,false
MAXETHER,Max Ether,2,2000,false,false,false,false,false,false,true,false,false,false,false,false
MAXPOTION,Max Potion,2,2500,false,false,false,false,false,false,true,false,false,false,false,false
MAXREPEL,Max Repel,1,700,false,false,false,false,false,false,true,false,false,false,false,false
MAXREVIVE,Max Revive,2,4000,false,false,false,false,false,false,true,false,false,false,false,false
MEADOWPLATE,Meadow Plate,1,1000,false,false,false,false,false,false,true,false,false,false,false,false
MENTALHERB,Mental Herb,1,2000,false,false,false,false,false,false,true,false,true,false,false,false
METALCOAT,Metal Coat,1,2000,false,false,false,false,false,false,true,false,true,false,false,false
METALPOWDER,Metal Powder,1,1000,false,false,false,false,false,false,true,false,false,false,false,false
METRONOME,Metronome,1,4000,false,false,false,false,false,false,true,false,true,false,false,false
MICLEBERRY,Micle Berry,5,20,false,false,false,false,false,true,true,false,true,false,false,false
MINDPLATE,Mind Plate,1,1000,false,false,false,false,false,false,true,false,false,false,false,false
MIRACLESEED,Miracle Seed,1,1000,false,false,false,false,false,false,true,false,true,false,false,false
MISTSTONE,Mist Stone,1,2100,false,false,false,false,false,false,true,false,false,false,false,false
MISTYSEED,Misty Seed,1,500,false,false,false,false,false,false,true,false,false,false,false,false
MOOMOOMILK,Moomoo Milk,2,600,false,false,false,false,false,false,true,false,false,false,false,false
MOONBALL,Moon Ball,3,300,false,false,false,false,false,false,true,false,false,false,false,false
MOONSTONE,Moon Stone,1,5000,false,false,false,false,false,false,true,false,false,false,false,false
MOSAICMAIL,Mosaic Mail,6,50,false,false,false,false,false,false,true,false,false,false,false,false
MUSCLEBAND,Muscle Band,1,4000,false,false,false,false,false,false,true,false,true,false,false,false
MUSCLEWING,Muscle Wing,2,300,false,false,false,false,false,false,true,false,false,false,false,false
MUSHROOMSPORES,Mossy Spores,1,50,false,false,false,false,false,false,true,false,false,false,false,false
MYSTICWATER,Mystic Water,1,1000,false,false,false,false,false,false,true,false,true,false,false,false
NANABBERRY,Nanab Berry,5,20,false,false,false,false,false,true,true,false,false,false,false,false
NECROZIUM,Necrozium,1,0,false,false,false,false,false,false,true,false,false,false,false,false
NESTBALL,Nest Ball,3,300,false,false,false,false,false,false,true,false,false,false,false,false
NETBALL,Net Ball,3,1000,false,false,false,false,false,false,true,false,false,false,false,false
NETWORKCHIP,Network Adapter,8,0,false,false,false,false,true,false,false,false,false,false,false,false
NEVERMELTICE,Never-Melt Ice,1,1000,false,false,false,false,false,false,true,false,true,false,false,false
NOMELBERRY,Nomel Berry,5,20,false,false,false,false,false,true,true,false,false,false,false,false
NORMALGEM,Normal Gem,1,200,false,false,false,false,false,false,true,false,true,false,false,false
NOTEBOOK,Quest Notebook,8,0,false,false,false,false,true,false,false,false,false,false,false,false
NUGGET,Nugget,1,10000,false,false,false,false,false,false,true,false,false,false,false,false
OAKSPARCEL,Parcel,8,0,false,false,false,false,true,false,false,false,false,false,false,false
OCCABERRY,Occa Berry,5,20,false,false,false,false,false,true,true,false,true,false,false,false
ODDINCENSE,Odd Incense,1,2000,false,false,false,false,false,false,true,false,true,false,false,false
ODDKEYSTONE,Odd Keystone,8,0,false,false,false,false,true,false,false,false,false,false,false,false
ODDKEYSTONE_FULL,unknown_item,1,0,false,false,false,false,false,false,false,false,false,true,false,false
OLDAMBER,Old Amber,1,1000,false,false,false,false,false,false,true,false,false,false,false,false
OLDBOOT,Old Boot,1,100,false,false,false,false,false,false,true,false,false,false,false,false
OLDGATEAU,Old Gateau,2,350,false,false,false,false,false,false,true,false,false,false,false,false
OLDPENDANT,Old Pendant,1,1000,false,false,false,false,false,false,true,false,false,false,false,false
OLDROD,Old Rod,8,0,false,false,false,false,true,false,false,false,false,false,false,false
OLDSEAMAP,Old Sea Map,8,0,false,false,false,false,true,false,false,false,false,false,false,false
ORANBERRY,Oran Berry,5,20,false,false,false,false,false,true,true,false,true,false,false,false
OVALCHARM,Oval Charm,8,0,false,false,false,false,true,false,false,false,false,false,false,false
OVALSTONE,Oval Stone,1,2000,false,false,false,false,false,false,true,false,false,false,false,false
PAMTREBERRY,Pamtre Berry,5,20,false,false,false,false,false,true,true,false,false,false,false,false
PARLYZHEAL,Paralyze Heal,2,300,false,false,false,false,false,false,true,false,false,false,false,false
PASSHOBERRY,Passho Berry,5,20,false,false,false,false,false,true,true,false,true,false,false,false
PAYAPABERRY,Payapa Berry,5,20,false,false,false,false,false,true,true,false,true,false,false,false
PEARL,Pearl,1,1400,false,false,false,false,false,false,true,false,false,false,false,false
PEARLSTRING,Pearl String,1,12000,false,false,false,false,false,false,true,false,false,false,false,false
PECHABERRY,Pecha Berry,5,20,false,false,false,false,false,true,true,false,true,false,false,false
PERFECTBALL,Perfect Ball,3,1200,false,false,false,false,false,false,true,false,false,false,false,false
PERSIMBERRY,Persim Berry,5,20,false,false,false,false,false,true,true,false,true,false,false,false
PETAYABERRY,Petaya Berry,5,20,false,false,false,false,false,true,true,false,true,false,false,false
PICKAXE,Pickaxe,8,0,false,false,false,false,true,false,false,false,false,false,false,false
PINAPBERRY,Pinap Berry,5,20,false,false,false,false,false,true,true,false,false,false,false,false
PINKANBERRY,Pinkan Berry,5,0,false,false,false,false,false,true,false,false,false,false,true,false
PINKAPRICORN,Pink Apricorn,1,20,false,false,false,false,false,false,true,false,false,false,false,false
PINKNECTAR,Pink Nectar,2,400,false,false,false,false,false,false,true,false,false,false,false,false
PINKSCARF,Pink Scarf,1,100,false,false,false,false,false,false,true,false,false,false,false,false
PIXIEPLATE,Pixie Plate,1,1000,false,false,false,false,false,false,true,false,false,false,false,false
PIZZA,Pizza,2,800,false,false,false,false,false,false,true,false,false,false,false,false
PLUMEFOSSIL,unknown_item,1,1000,false,false,false,false,false,false,false,false,false,true,false,false
POISONBARB,Poison Barb,1,1000,false,false,false,false,false,false,true,false,true,false,false,false
POISONGEM,Poison Gem,1,200,false,false,false,false,false,false,true,false,true,false,false,false
POISONMUSHROOM,PoisonMushroom,1,50,false,false,false,false,false,false,true,false,false,false,false,false
POKEBALL,Poké Ball,3,200,false,false,false,false,false,false,false,false,false,false,true,false
POKEBLOCKCASE,Pokéblock Case,8,0,false,false,false,false,true,false,false,false,false,false,false,false
POKEDEX,PokéDex,8,0,false,false,false,false,true,false,false,false,false,false,false,false
POKEDOLL,Poké Doll,7,100,false,false,false,false,false,false,true,false,false,false,false,false
POKEFLUTE,Poké Flute,8,0,false,false,false,false,true,false,false,false,false,false,false,false
POKENAV,PokéNav,8,0,false,false,false,false,true,false,false,false,false,false,false,false
POKERADAR,Poké Radar,8,0,false,false,false,false,true,false,false,false,false,false,false,false
POKETOY,Poké Toy,7,100,false,false,false,false,false,false,true,false,false,false,false,false
POMEGBERRY,Pomeg Berry,5,20,false,false,false,false,false,true,true,false,false,false,false,false
POTION,Potion,2,200,false,false,false,false,false,false,true,false,false,false,false,false
POWERANKLET,Power Anklet,1,3000,false,false,false,false,false,false,true,false,true,false,false,false
POWERBAND,Power Band,1,3000,false,false,false,false,false,false,true,false,true,false,false,false
POWERBELT,Power Belt,1,3000,false,false,false,false,false,false,true,false,true,false,false,false
POWERBRACER,Power Bracer,1,3000,false,false,false,false,false,false,true,false,true,false,false,false
POWERHERB,Power Herb,1,4000,false,false,false,false,false,false,true,false,true,false,false,false
POWERLENS,Power Lens,1,3000,false,false,false,false,false,false,true,false,true,false,false,false
POWERPLANTKEY,Power Plant Key,8,0,false,false,false,false,true,false,false,false,false,false,false,false
POWERWEIGHT,Power Weight,1,3000,false,false,false,false,false,false,true,false,true,false,false,false
PPMAX,PP Max,2,10000,false,false,false,false,false,false,true,false,false,false,false,false
PPUP,PP Up,2,10000,false,false,false,false,false,false,true,false,false,false,false,false
PREMIERBALL,Premier Ball,3,200,false,false,false,false,false,false,true,false,false,false,false,false
PRESENT,Present,1,50,false,false,false,false,false,false,true,false,false,false,false,false
PRETTYWING,Pretty Wing,1,1000,false,false,false,false,false,false,true,false,false,false,false,false
PRISMSCALE,Prism Scale,1,2000,false,false,false,false,false,false,true,false,false,false,false,false
PROTECTIVEPADS,Protective Pads,1,4000,false,false,false,false,false,false,true,false,false,false,false,false
PROTECTOR,Protector,1,2000,false,false,false,false,false,false,true,false,false,false,false,false
PROTEIN,Protein,2,10000,false,false,false,false,false,false,true,false,false,false,false,false
PSYCHICGEM,Psychic Gem,1,200,false,false,false,false,false,false,true,false,true,false,false,false
PSYCHICSEED,Psychic Seed,1,500,false,false,false,false,false,false,true,false,false,false,false,false
PUREBALL,Pure Ball,3,1000,false,false,false,false,false,false,true,false,false,false,false,false
PUREINCENSE,Pure Incense,1,6000,false,false,false,false,false,false,true,false,true,false,false,false
QUALOTBERRY,Qualot Berry,5,20,false,false,false,false,false,true,true,false,false,false,false,false
QUICKBALL,Quick Ball,3,1000,false,false,false,false,false,false,true,false,false,false,false,false
QUICKCLAW,Quick Claw,1,4000,false,false,false,false,false,false,true,false,true,false,false,false
QUICKPOWDER,Quick Powder,1,1000,false,false,false,false,false,false,true,false,false,false,false,false
RABUTABERRY,Rabuta Berry,5,20,false,false,false,false,false,true,true,false,false,false,false,false
RACEBIKE,Racing Bicycle,8,0,false,false,false,false,true,false,false,false,false,false,false,false
RAGECANDYBAR,Rage Candy Bar,2,350,false,false,false,false,false,false,true,false,false,false,false,false
RAREBONE,Rare Bone,1,2000,false,false,false,false,false,false,true,false,false,false,false,false
RARECANDY,Rare Candy,2,10000,false,false,false,false,false,false,true,false,false,false,false,false
RAWSTBERRY,Rawst Berry,5,20,false,false,false,false,false,true,true,false,true,false,false,false
RAZORCLAW,Razor Claw,1,5000,false,false,false,false,false,false,true,false,true,false,false,false
RAZORFANG,Razor Fang,1,5000,false,false,false,false,false,false,true,false,true,false,false,false
RAZZBERRY,Razz Berry,5,20,false,false,false,false,false,true,true,false,false,false,false,false
REAPERCLOTH,Reaper Cloth,1,2000,false,false,false,false,false,false,true,false,false,false,false,false
REDAPRICORN,Red Apricorn,1,20,false,false,false,false,false,false,true,false,false,false,false,false
REDCARD,Red Card,1,4000,false,false,false,false,false,false,true,false,true,false,false,false
REDFLUTE,Red Flute,7,200,false,false,false,false,false,false,true,false,false,false,false,false
REDNECTAR,Red Nectar,2,400,false,false,false,false,false,false,true,false,false,false,false,false
REDSCARF,Red Scarf,1,100,false,false,false,false,false,false,true,false,false,false,false,false
REDSHARD,Red Shard,1,200,false,false,false,false,false,false,true,false,false,false,false,false
REGITABLET,Regi Tablet,8,0,false,false,false,false,true,false,false,false,false,false,false,false
RELICBAND,Relic Band,1,2000,false,false,false,false,false,false,true,false,false,false,false,false
RELICCOPPER,Relic Copper,1,2000,false,false,false,false,false,false,true,false,false,false,false,false
RELICCROWN,Relic Crown,1,20000,false,false,false,false,false,false,true,false,false,false,false,false
RELICGOLD,Relic Gold,1,10000,false,false,false,false,false,false,true,false,false,false,false,false
RELICSILVER,Relic Silver,1,5000,false,false,false,false,false,false,true,false,false,false,false,false
RELICSTATUE,Relic Statue,1,10000,false,false,false,false,false,false,true,false,false,false,false,false
RELICVASE,Relic Vase,1,5000,false,false,false,false,false,false,true,false,false,false,false,false
REPEATBALL,Repeat Ball,3,1000,false,false,false,false,false,false,true,false,false,false,false,false
REPEL,Repel,1,300,false,false,false,false,false,false,true,false,false,false,false,false
RESETURGE,Reset Urge,7,0,false,false,false,false,false,false,true,false,false,false,false,false
RESISTWING,Resist Wing,2,300,false,false,false,false,false,false,true,false,false,false,false,false
REVEALGLASS,Weather Tracker,8,0,false,false,false,false,true,false,false,false,false,false,false,false
REVIVALHERB,Revival Herb,2,2800,false,false,false,false,false,false,true,false,false,false,false,false
REVIVE,Revive,2,2000,false,false,false,false,false,false,true,false,false,false,false,false
RICHMULCH,Rich Mulch,1,200,false,false,false,false,false,false,true,false,false,false,false,false
RINDOBERRY,Rindo Berry,5,20,false,false,false,false,false,true,true,false,true,false,false,false
RINGTARGET,Ring Target,1,4000,false,false,false,false,false,false,true,false,true,false,false,false
ROCKETBALL,Rocket Ball,3,300,false,false,false,false,false,false,true,false,false,false,false,false
ROCKETID,Team Rocket ID,8,0,false,false,false,false,true,false,false,false,false,false,false,false
ROCKETMEAL,Rocket Meal,2,500,false,false,false,false,false,false,true,false,false,false,false,false
ROCKETUNIFORM,Rocket Uniform,8,0,false,false,false,false,true,false,false,false,false,false,false,false
ROCKGEM,Rock Gem,1,200,false,false,false,false,false,false,true,false,true,false,false,false
ROCKINCENSE,Rock Incense,1,2000,false,false,false,false,false,false,true,false,true,false,false,false
ROCKYHELMET,Rocky Helmet,1,4000,false,false,false,false,false,false,true,false,true,false,false,false
ROOTFOSSIL,Root Fossil,1,7000,false,false,false,false,false,false,true,false,false,false,false,false
ROSEINCENSE,Rose Incense,1,2000,false,false,false,false,false,false,true,false,true,false,false,false
ROSELIBERRY,Resoli Berry,5,20,false,false,false,false,false,true,true,false,false,false,false,false
ROWAPBERRY,Rowap Berry,5,20,false,false,false,false,false,true,true,false,true,false,false,false
RUBY,Ruby,8,0,false,false,false,false,true,false,false,false,false,false,false,false
SACREDASH,Sacred Ash,2,50000,false,false,false,false,false,false,true,false,false,false,false,false
SACREDPOTION,Secret Potion,2,7000,false,false,false,false,false,false,true,false,false,false,false,false
SAFARIBALL,Safari Ball,3,750,false,false,false,false,false,false,true,false,false,false,false,false
SAFARISOUVENIR,Safari Souvenir,1,1400,false,false,false,false,false,false,true,false,false,false,false,false
SAFETYGOGGLES,Safety Goggles,1,4000,false,false,false,false,false,false,true,false,false,false,false,false
SAILFOSSIL,Sail Fossil,1,7000,false,false,false,false,false,false,true,false,false,false,false,false
SALACBERRY,Salac Berry,5,20,false,false,false,false,false,true,true,false,true,false,false,false
SAPPHIRE,Sapphire,8,0,false,false,false,false,true,false,false,false,false,false,false,false
SCOPELENS,Scope Lens,1,4000,false,false,false,false,false,false,true,false,true,false,false,false
SCORCHBALL,Scorch Ball,3,4000,false,false,false,false,false,false,true,false,false,false,false,false
SCUBAGEAR,Scuba Gear,8,0,false,false,false,false,true,false,false,false,false,false,false,false
SEADRAFIN,Seadra Fin,1,14200,false,false,false,false,false,false,true,false,false,false,false,false
SEAINCENSE,Sea Incense,1,2000,false,false,false,false,false,false,true,false,true,false,false,false
SEAWEED,Seaweed,1,100,false,false,false,false,false,false,true,false,false,false,false,false
SECRETCAPSULE,Secret Capsule,1,0,false,false,false,false,false,false,true,false,false,false,false,false
SHARPBEAK,Sharp Beak,1,1000,false,false,false,false,false,false,true,false,true,false,false,false
SHEDSHELL,Shed Shell,1,4000,false,false,false,false,false,false,true,false,true,false,false,false
SHELLBELL,Shell Bell,1,4000,false,false,false,false,false,false,true,false,true,false,false,false
SHINYBALL,Glitter Ball,3,1000,false,false,false,false,false,false,true,false,false,false,false,false
SHINYCHARM,Shiny Charm,8,0,false,false,false,false,true,false,false,false,false,false,false,false
SHINYSTONE,Shiny Stone,1,5000,false,false,false,false,false,false,true,false,false,false,false,false
SHOALSALT,Shoal Salt,1,20,false,false,false,false,false,false,true,false,false,false,false,false
SHOALSHELL,Shoal Shell,1,20,false,false,false,false,false,false,true,false,false,false,false,false
SHOCKDRIVE,Shock Drive,1,1000,false,false,false,false,false,false,true,false,false,false,false,false
SHOOTER,Tequila,7,0,false,false,false,false,false,false,true,false,false,false,false,false
SHUCABERRY,Shuca Berry,5,20,false,false,false,false,false,true,true,false,true,false,false,false
SILKSCARF,Silk Scarf,1,1000,false,false,false,false,false,false,true,false,true,false,false,false
SILPHSCOPE,Silph Scope,8,0,false,false,false,false,true,false,false,false,false,false,false,false
SILVEREMBLEM,Silver emblem,8,0,false,false,false,false,true,false,false,false,false,false,false,false
SILVERPOWDER,Silver Powder,1,1000,false,false,false,false,false,false,true,false,true,false,false,false
SITRUSBERRY,Sitrus Berry,5,20,false,false,false,false,false,true,true,false,true,false,false,false
SKINNYLATTE,Latte,7,400,false,false,false,false,false,false,true,false,false,false,false,false
SKULLFOSSIL,Skull Fossil,1,7000,false,false,false,false,false,false,true,false,false,false,false,false
SKYPLATE,Sky Plate,1,1000,false,false,false,false,false,false,true,false,false,false,false,false
SLEEPINGBAG,Comfy Sleeping Bag,8,0,false,false,false,false,true,false,false,false,false,false,false,false
SLOWPOKETAIL,Slowpoke Tail,1,10000,false,false,false,false,false,false,true,false,false,false,false,false
SMOKEBALL,Smoke Ball,1,4000,false,false,false,false,false,false,true,false,true,false,false,false
SMOOTHROCK,Smooth Rock,1,4000,false,false,false,false,false,false,true,false,true,false,false,false
SNOWBALL,Snowball,1,500,false,false,false,false,false,false,true,false,false,false,false,false
SNOWMAIL,Snow Mail,6,50,false,false,false,false,false,false,true,false,false,false,false,false
SODAPOP,Soda Pop,2,300,false,false,false,false,false,false,true,false,false,false,false,false
SOFTSAND,Soft Sand,1,1000,false,false,false,false,false,false,true,false,false,false,false,false
SOOTHEBELL,Soothe Bell,1,4000,false,false,false,false,false,false,true,false,false,false,false,false
SOOTSACK,Soot Sack,8,0,false,false,false,false,true,false,false,false,false,false,false,false
SOULDEW,Soul Dew,1,0,false,false,false,false,false,false,true,false,false,false,false,false
SPACEMAIL,Space Mail,6,50,false,false,false,false,false,false,true,false,false,false,false,false
SPARKBALL,Spark Ball,3,4000,false,false,false,false,false,false,true,false,false,false,false,false
SPAWNER,Spawner,8,0,false,false,false,false,true,false,false,false,false,false,false,false
SPELLTAG,Spell Tag,1,1000,false,false,false,false,false,false,true,false,true,false,false,false
SPELONBERRY,Spelon Berry,5,20,false,false,false,false,false,true,true,false,false,false,false,false
SPLASHPLATE,Splash Plate,1,1000,false,false,false,false,false,false,true,false,false,false,false,false
SPOOKYPLATE,Spooky Plate,1,1000,false,false,false,false,false,false,true,false,false,false,false,false
SPORTBALL,Sport Ball,3,750,false,false,false,false,false,false,true,false,false,false,false,false
SPRAYCAN,Spray Can,8,0,false,false,false,false,true,false,false,false,false,false,false,false
SPRAYDUCK,Mareanie Doll,8,0,false,false,false,false,true,false,false,false,false,false,false,false
SQUIRTBOTTLE,Squirtbottle,8,0,false,false,false,false,true,false,false,false,false,false,false,false
SSTICKET,S.S. Ticket,8,0,false,false,false,false,true,false,false,false,false,false,false,false
STABLEMULCH,Stable Mulch,1,200,false,false,false,false,false,false,true,false,false,false,false,false
STARDUST,Stardust,1,2000,false,false,false,false,false,false,true,false,false,false,false,false
STARFBERRY,Starf Berry,5,20,false,false,false,false,false,true,true,false,true,false,false,false
STARPIECE,Star Piece,1,9800,false,false,false,false,false,false,true,false,false,false,false,false
STATUSBALL,Status Ball,3,1000,false,false,false,false,false,false,true,false,false,false,false,false
STEELGEM,Steel Gem,1,200,false,false,false,false,false,false,true,false,true,false,false,false
STEELMAIL,Steel Mail,6,50,false,false,false,false,false,false,true,false,false,false,false,false
STICK,Stick,1,1000,false,false,false,false,false,false,true,false,false,false,false,false
STICKYBARB,Sticky Barb,1,4000,false,false,false,false,false,false,true,false,true,false,false,false
STONEPLATE,Stone Plate,1,1000,false,false,false,false,false,false,true,false,false,false,false,false
STRANGEPLANT,Strange Fruit,8,0,false,false,false,false,true,false,false,false,false,false,false,false
STRANGEPRISM,Strange Prism,8,0,false,false,false,false,true,false,false,false,false,false,false,false
SUNSTONE,Sun Stone,1,5000,false,false,false,false,false,false,true,false,false,false,false,false
SUPERPOTION,Super Potion,2,700,false,false,false,false,false,false,true,false,false,false,false,false
SUPERREPEL,Super Repel,1,500,false,false,false,false,false,false,true,false,false,false,false,false
SUPERROD,Super Rod,8,0,false,false,false,false,true,false,false,false,false,false,false,false
SUPERSPLICERS,Super Splicers,1,1000,false,false,false,false,false,false,true,false,false,false,false,false
SURFBOARD,Surfboard,8,0,false,false,false,false,true,false,false,false,false,false,false,false
SWEETHEART,Sweet Heart,2,3000,false,false,false,false,false,false,true,false,false,false,false,false
SWIFTWING,Swift Wing,2,300,false,false,false,false,false,false,true,false,false,false,false,false
TAMATOBERRY,Tamato Berry,5,20,false,false,false,false,false,true,true,false,false,false,false,false
TANGABERRY,Tanga Berry,5,20,false,false,false,false,false,true,true,false,true,false,false,false
TELEPORTER,Teleporter,8,0,false,false,false,false,true,false,false,false,false,false,false,false
TERRAINEXTENDER,Terrain Extender,1,4000,false,false,false,false,false,false,true,false,false,false,false,false
THICKCLUB,Thick Club,1,1000,false,false,false,false,false,false,true,false,false,false,false,false
THUNDERSTONE,Thunder Stone,1,5000,false,false,false,false,false,false,true,false,false,false,false,false
TIMERBALL,Timer Ball,3,1000,false,false,false,false,false,false,true,false,false,false,false,false
TINYMUSHROOM,Tiny Mushroom,1,400,false,false,false,false,false,false,true,false,false,false,false,false
TM00,TM00,4,20000,true,true,false,false,false,false,false,true,false,false,false,false
TM01,TM01,4,30000,true,true,false,false,false,false,false,true,false,false,false,false
TM02,TM02,4,30000,true,true,false,false,false,false,false,true,false,false,false,false
TM03,TM03,4,30000,true,true,false,false,false,false,false,true,false,false,false,false
TM04,TM04,4,15000,true,true,false,false,false,false,false,true,false,false,false,false
TM05,TM05,4,10000,true,true,false,false,false,false,false,true,false,false,false,false
TM06,TM06,4,30000,true,true,false,false,false,false,false,true,false,false,false,false
TM07,TM07,4,30000,true,true,false,false,false,false,false,true,false,false,false,false
TM08,TM08,4,10000,true,true,false,false,false,false,false,true,false,false,false,false
TM09,TM09,4,10000,true,true,false,false,false,false,false,true,false,false,false,false
TM10,TM10,4,10000,true,true,false,false,false,false,false,true,false,false,false,false
TM100,TM100,4,30000,true,true,false,false,false,false,false,true,false,false,false,false
TM101,TM101,4,30000,true,true,false,false,false,false,false,true,false,false,false,false
TM102,TM102,4,30000,true,true,false,false,false,false,false,true,false,false,false,false
TM103,TM103,4,30000,true,true,false,false,false,false,false,true,false,false,false,false
TM104,TM104,4,30000,true,true,false,false,false,false,false,true,false,false,false,false
TM105,TM105,4,30000,true,true,false,false,false,false,false,true,false,false,false,false
TM106,TM106,4,10000,true,true,false,false,false,false,false,true,false,false,false,false
TM107,TM107,4,40000,true,true,false,false,false,false,false,true,false,false,false,false
TM108,TM108,4,30000,true,true,false,false,false,false,false,true,false,false,false,false
TM109,TM109,4,30000,true,true,false,false,false,false,false,true,false,false,false,false
TM11,TM11,4,50000,true,true,false,false,false,false,false,true,false,false,false,false
TM110,TM110,4,30000,true,true,false,false,false,false,false,true,false,false,false,false
TM111,TM111,4,30000,true,true,false,false,false,false,false,true,false,false,false,false
TM112,TM112,4,30000,true,true,false,false,false,false,false,true,false,false,false,false
TM113,TM113,4,30000,true,true,false,false,false,false,false,true,false,false,false,false
TM114,TM114,4,30000,true,true,false,false,false,false,false,true,false,false,false,false
TM115,TM115,4,30000,true,true,false,false,false,false,false,true,false,false,false,false
TM116,TM116,4,30000,true,true,false,false,false,false,false,true,false,false,false,false
TM117,TM117,4,30000,true,true,false,false,false,false,false,true,false,false,false,false
TM118,TM118,4,30000,true,true,false,false,false,false,false,true,false,false,false,false
TM119,TM119,4,30000,true,true,false,false,false,false,false,true,false,false,false,false
TM12,TM12,4,10000,true,true,false,false,false,false,false,true,false,false,false,false
TM120,TM120,4,30000,true,true,false,false,false,false,false,true,false,false,false,false
TM121,TM121,4,10000,true,true,false,false,false,false,false,true,false,false,false,false
TM122,TM122,4,30000,true,true,false,false,false,false,false,true,false,false,false,false
TM123,TM122,4,30000,true,true,false,false,false,false,false,true,false,false,false,false
TM13,TM13,4,10000,true,true,false,false,false,false,false,true,false,false,false,false
TM14,TM14,4,30000,true,true,false,false,false,false,false,true,false,false,false,false
TM15,TM15,4,50000,true,true,false,false,false,false,false,true,false,false,false,false
TM16,TM16,4,10000,true,true,false,false,false,false,false,true,false,false,false,false
TM17,TM17,4,10000,true,true,false,false,false,false,false,true,false,false,false,false
TM18,TM18,4,50000,true,true,false,false,false,false,false,true,false,false,false,false
TM19,TM19,4,30000,true,true,false,false,false,false,false,true,false,false,false,false
TM20,TM20,4,10000,true,true,false,false,false,false,false,true,false,false,false,false
TM21,TM21,4,10000,true,true,false,false,false,false,false,true,false,false,false,false
TM22,TM22,4,10000,true,true,false,false,false,false,false,true,false,false,false,false
TM23,TM23,4,10000,true,true,false,false,false,false,false,true,false,false,false,false
TM24,TM24,4,10000,true,true,false,false,false,false,false,true,false,false,false,false
TM25,TM25,4,30000,true,true,false,false,false,false,false,true,false,false,false,false
TM26,TM26,4,10000,true,true,false,false,false,false,false,true,false,false,false,false
TM27,TM27,4,10000,true,true,false,false,false,false,false,true,false,false,false,false
TM28,TM28,4,20000,true,true,false,false,false,false,false,true,false,false,false,false
TM29,TM29,4,10000,true,true,false,false,false,false,false,true,false,false,false,false
TM30,TM30,4,10000,true,true,false,false,false,false,false,true,false,false,false,false
TM31,TM31,4,10000,true,true,false,false,false,false,false,true,false,false,false,false
TM32,TM32,4,10000,true,true,false,false,false,false,false,true,false,false,false,false
TM33,TM33,4,10000,true,true,false,false,false,false,false,true,false,false,false,false
TM34,TM34,4,10000,true,true,false,false,false,false,false,true,false,false,false,false
TM35,TM35,4,10000,true,true,false,false,false,false,false,true,false,false,false,false
TM36,TM36,4,10000,true,true,false,false,false,false,false,true,false,false,false,false
TM37,TM37,4,50000,true,true,false,false,false,false,false,true,false,false,false,false
TM38,TM38,4,30000,true,true,false,false,false,false,false,true,false,false,false,false
TM39,TM39,4,10000,true,true,false,false,false,false,false,true,false,false,false,false
TM40,TM40,4,10000,true,true,false,false,false,false,false,true,false,false,false,false
TM41,TM41,4,10000,true,true,false,false,false,false,false,true,false,false,false,false
TM42,TM42,4,10000,true,true,false,false,false,false,false,true,false,false,false,false
TM43,TM43,4,10000,true,true,false,false,false,false,false,true,false,false,false,false
TM44,TM44,4,1000,true,true,false,false,false,false,false,true,false,false,false,false
TM45,TM45,4,10000,true,true,false,false,false,false,false,true,false,false,false,false
TM46,TM46,4,10000,true,true,false,false,false,false,false,true,false,false,false,false
TM47,TM47,4,10000,true,true,false,false,false,false,false,true,false,false,false,false
TM48,TM48,4,10000,true,true,false,false,false,false,false,true,false,false,false,false
TM49,TM49,4,10000,true,true,false,false,false,false,false,true,false,false,false,false
TM50,TM50,4,80000,true,true,false,false,false,false,false,true,false,false,false,false
TM51,TM51,4,10000,true,true,false,false,false,false,false,true,false,false,false,false
TM52,TM52,4,30000,true,true,false,false,false,false,false,true,false,false,false,false
TM53,TM53,4,10000,true,true,false,false,false,false,false,true,false,false,false,false
TM54,TM54,4,10000,true,true,false,false,false,false,false,true,false,false,false,false
TM55,TM55,4,10000,true,true,false,false,false,false,false,true,false,false,false,false
TM56,TM56,4,10000,true,true,false,false,false,false,false,true,false,false,false,false
TM57,TM57,4,10000,true,true,false,false,false,false,false,true,false,false,false,false
TM58,TM58,4,10000,true,true,false,false,false,false,false,true,false,false,false,false
TM59,TM59,4,15000,true,true,false,false,false,false,false,true,false,false,false,false
TM60,TM60,4,10000,true,true,false,false,false,false,false,true,false,false,false,false
TM61,TM61,4,10000,true,true,false,false,false,false,false,true,false,false,false,false
TM62,TM62,4,10000,true,true,false,false,false,false,false,true,false,false,false,false
TM63,TM63,4,10000,true,true,false,false,false,false,false,true,false,false,false,false
TM64,TM64,4,10000,true,true,false,false,false,false,false,true,false,false,false,false
TM65,TM65,4,10000,true,true,false,false,false,false,false,true,false,false,false,false
TM66,TM66,4,10000,true,true,false,false,false,false,false,true,false,false,false,false
TM67,TM67,4,10000,true,true,false,false,false,false,false,true,false,false,false,false
TM68,TM68,4,50000,true,true,false,false,false,false,false,true,false,false,false,false
TM69,TM69,4,10000,true,true,false,false,false,false,false,true,false,false,false,false
TM70,TM70,4,10000,true,true,false,false,false,false,false,true,false,false,false,false
TM71,TM71,4,30000,true,true,false,false,false,false,false,true,false,false,false,false
TM72,TM72,4,10000,true,true,false,false,false,false,false,true,false,false,false,false
TM73,TM73,4,5000,true,true,false,false,false,false,false,true,false,false,false,false
TM74,TM74,4,10000,true,true,false,false,false,false,false,true,false,false,false,false
TM75,TM75,4,10000,true,true,false,false,false,false,false,true,false,false,false,false
TM76,TM76,4,5000,true,true,false,false,false,false,false,true,false,false,false,false
TM77,TM77,4,10000,true,true,false,false,false,false,false,true,false,false,false,false
TM78,TM78,4,10000,true,true,false,false,false,false,false,true,false,false,false,false
TM79,TM79,4,10000,true,true,false,false,false,false,false,true,false,false,false,false
TM80,TM80,4,10000,true,true,false,false,false,false,false,true,false,false,false,false
TM81,TM81,4,10000,true,true,false,false,false,false,false,true,false,false,false,false
TM82,TM82,4,10000,true,true,false,false,false,false,false,true,false,false,false,false
TM83,TM83,4,20000,true,true,false,false,false,false,false,true,false,false,false,false
TM84,TM84,4,10000,true,true,false,false,false,false,false,true,false,false,false,false
TM85,TM85,4,10000,true,true,false,false,false,false,false,true,false,false,false,false
TM86,TM86,4,10000,true,true,false,false,false,false,false,true,false,false,false,false
TM87,TM87,4,10000,true,true,false,false,false,false,false,true,false,false,false,false
TM88,TM88,4,10000,true,true,false,false,false,false,false,true,false,false,false,false
TM89,TM89,4,10000,true,true,false,false,false,false,false,true,false,false,false,false
TM90,TM90,4,10000,true,true,false,false,false,false,false,true,false,false,false,false
TM91,TM91,4,10000,true,true,false,false,false,false,false,true,false,false,false,false
TM92,TM92,4,10000,true,true,false,false,false,false,false,true,false,false,false,false
TM93,TM93,4,50000,true,true,false,false,false,false,false,true,false,false,false,false
TM94,TM94,4,30000,true,true,false,false,false,false,false,true,false,false,false,true
TM95,TM95,4,10000,true,true,false,false,false,false,false,true,false,false,false,false
TM96,TM96,4,30000,true,true,false,false,false,false,false,true,false,false,false,false
TM97,TM97,4,30000,true,true,false,false,false,false,false,true,false,false,false,false
TM98,TM98,4,30000,true,true,false,false,false,false,false,true,false,false,false,false
TM99,TM99,4,30000,true,true,false,false,false,false,false,true,false,false,false,false
TOWNMAP,Town Map,8,0,false,false,false,false,true,false,false,false,false,false,false,false
TOXICBALL,Toxic Ball,3,4000,false,false,false,false,false,false,true,false,false,false,false,false
TOXICORB,Toxic Orb,1,4000,false,false,false,false,false,false,true,false,true,false,false,false
TOXICPLATE,Toxic Plate,1,1000,false,false,false,false,false,false,true,false,false,false,false,false
TRADEBALL,Boost Ball,3,500,false,false,false,false,false,false,true,false,false,false,false,false
TRANSGENDERSTONE,Gender Stone,1,2100,false,false,false,false,false,false,true,false,false,false,false,false
TUNNELMAIL,Tunnel Mail,6,50,false,false,false,false,false,false,true,false,false,false,false,false
TWISTEDSPOON,Twisted Spoon,1,1000,false,false,false,false,false,false,true,false,true,false,false,false
ULTRABALL,Ultra Ball,3,800,false,false,false,false,false,false,true,false,false,false,false,false
UNKNOWN,Thing,1,50,false,false,false,false,false,false,true,false,false,false,false,false
UPGRADE,Upgrade,1,2000,false,false,false,false,false,false,true,false,false,false,false,false
VIRUSBALL,Virus Ball,3,800,false,false,false,false,false,false,true,false,false,false,false,false
WACANBERRY,Wacan Berry,5,20,false,false,false,false,false,true,true,false,true,false,false,false
WAILMERPAIL,Wailmer Pail,8,0,false,false,false,false,true,false,false,false,false,false,false,false
WATERGEM,Water Gem,1,200,false,false,false,false,false,false,true,false,true,false,false,false
WATERSTONE,Water Stone,1,5000,false,false,false,false,false,false,true,false,false,false,false,false
WATMELBERRY,Watmel Berry,5,20,false,false,false,false,false,true,true,false,false,false,false,false
WAVEINCENSE,Wave Incense,1,2000,false,false,false,false,false,false,true,false,true,false,false,false
WEAKNESSPOLICY,Weakness Policy,1,1000,false,false,false,false,false,false,true,false,false,false,false,false
WEPEARBERRY,Wepear Berry,5,20,false,false,false,false,false,true,true,false,false,false,false,false
WHIPPEDDREAM,Whipped Dream,1,2000,false,false,false,false,false,false,true,false,false,false,false,false
WHITEAPRICORN,White Apricorn,1,20,false,false,false,false,false,false,true,false,false,false,false,false
WHITEFLAG,White Flag,1,200,false,false,false,false,false,false,true,false,false,false,false,false
WHITEFLUTE,White Flute,1,500,false,false,false,false,false,false,true,false,false,false,false,false
WHITEHERB,White Herb,1,2000,false,false,false,false,false,false,true,false,true,false,false,false
WIDELENS,Wide Lens,1,4000,false,false,false,false,false,false,true,false,true,false,false,false
WIKIBERRY,Wiki Berry,5,20,false,false,false,false,false,true,true,false,true,false,false,false
WISEGLASSES,Wise Glasses,1,4000,false,false,false,false,false,false,true,false,true,false,false,false
WOODENPLANKS,Wooden Planks,8,0,false,false,false,false,true,false,false,false,false,false,false,false
XACCURACY,X Accuracy,7,1000,false,false,false,false,false,false,true,false,false,false,false,false
XACCURACY2,XX Accuracy,7,0,false,false,false,false,false,false,true,false,false,false,false,false
XACCURACY3,XXX Accuracy,7,0,false,false,false,false,false,false,true,false,false,false,false,false
XACCURACY6,XXXX Accuracy,7,0,false,false,false,false,false,false,true,false,false,false,false,false
XATTACK,X Attack,7,1000,false,false,false,false,false,false,true,false,false,false,false,false
XATTACK2,XX Attack,7,0,false,false,false,false,false,false,true,false,false,false,false,false
XATTACK3,XXX Attack,7,0,false,false,false,false,false,false,true,false,false,false,false,false
XATTACK6,XXXX Attack,7,0,false,false,false,false,false,false,true,false,false,false,false,false
XDEFENSE,X Defense,7,2000,false,false,false,false,false,false,true,false,false,false,false,false
XDEFENSE2,XX Defense,7,0,false,false,false,false,false,false,true,false,false,false,false,false
XDEFENSE3,XXX Defense,7,0,false,false,false,false,false,false,true,false,false,false,false,false
XDEFENSE6,XXXX Defense,7,0,false,false,false,false,false,false,true,false,false,false,false,false
XSPATK,X Sp. Atk,7,1000,false,false,false,false,false,false,true,false,false,false,false,false
XSPATK2,XX Sp. Atk,7,0,false,false,false,false,false,false,true,false,false,false,false,false
XSPATK3,XXX Sp. Atk,7,0,false,false,false,false,false,false,true,false,false,false,false,false
XSPATK6,XXXX Sp. Atk,7,0,false,false,false,false,false,false,true,false,false,false,false,false
XSPDEF,X Sp. Def,7,2000,false,false,false,false,false,false,true,false,false,false,false,false
XSPDEF2,XX Sp. Def,7,0,false,false,false,false,false,false,true,false,false,false,false,false
XSPDEF3,XXX Sp. Def,7,0,false,false,false,false,false,false,true,false,false,false,false,false
XSPDEF6,XXXX Sp. Def,7,0,false,false,false,false,false,false,true,false,false,false,false,false
XSPEED,X Speed,7,1000,false,false,false,false,false,false,true,false,false,false,false,false
XSPEED2,XX Speed,7,0,false,false,false,false,false,false,true,false,false,false,false,false
XSPEED3,XXX Speed,7,0,false,false,false,false,false,false,true,false,false,false,false,false
XSPEED6,XXXX Speed,7,0,false,false,false,false,false,false,true,false,false,false,false,false
YACHEBERRY,Yache Berry,5,20,false,false,false,false,false,true,true,false,true,false,false,false
YELLOWAPRICORN,Yellow Apricorn,1,20,false,false,false,false,false,false,true,false,false,false,false,false
YELLOWFLUTE,Yellow Flute,7,300,false,false,false,false,false,false,true,false,false,false,false,false
YELLOWNECTAR,Yellow Nectar,2,400,false,false,false,false,false,false,true,false,false,false,false,false
YELLOWSCARF,Yellow Scarf,1,100,false,false,false,false,false,false,true,false,false,false,false,false
YELLOWSHARD,Yellow Shard,1,200,false,false,false,false,false,false,true,false,false,false,false,false
ZAPPLATE,Zap Plate,1,1000,false,false,false,false,false,false,true,false,false,false,false,false
ZINC,Zinc,2,10000,false,false,false,false,false,false,true,false,false,false,false,false
ZOOMLENS,Zoom Lens,1,4000,false,false,false,false,false,false,true,false,true,false,false,false
